{"type":"FeatureCollection","name":"vdatum","features":[{"type":"Feature","properties":{"Name":"AKglacier00_8301.gtx","ID":"AKglacier00_8301","Agency":"NOAA","DataLink":"https://vdatum.noaa.gov/download/data/AKglacier00_8301.zip","DataType":"mhw","DataSource":"vdatum","LastUpdate":"20260331205908"},"geometry":{"type":"Polygon","coordinates":[[[-141.0,56.56],[-131.902,56.56],[-131.902,58.34],[-141.0,58.34],[-141.0,56.56]]]}},{"type":"Feature","properties":{"Name":"AKglacier00_8301.gtx","ID":"AKglacier00_8301","Agency":"NOAA","DataLink":"https://vdatum.noaa.gov/download/data/AKglacier00_8301.zip","DataType":"mhhw","DataSource":"vdatum","LastUpdate":"20260331205908"},"geometry":{"type":"Polygon","coordinates":[[[-141.0,56.56],[-131.902,56.56],[-131.902,58.34],[-141.0,58.34],[-141.0,56.56]]]}},{"type":"Feature","properties":{"Name":"AKglacier00_8301.gtx","ID":"AKglacier00_8301","Agency":"NOAA","DataLink":"https://vdatum.noaa.gov/download/data/AKglacier00_8301.zip","DataType":"mlw","DataSource":"vdatum","LastUpdate":"20260331205908"},"geometry":{"type":"Polygon","coordinates":[[[-141.0,56.56],[-131.902,56.56],[-131.902,58.34],[-141.0,58.34],[-141.0,56.56]]]}},{"type":"Feature","properties":{"Name":"AKglacier00_8301.gtx","ID":"AKglacier00_8301","Agency":"NOAA","DataLink":"https://vdatum.noaa.gov/download/data/AKglacier00_8301.zip","DataType":"mllw","DataSource":"vdatum","LastUpdate":"20260331205908"},"geometry":{"type":"Polygon","coordinates":[[[-141.0,56.56],[-131.902,56.56],[-131.902,58.34],[-141.0,58.34],[-141.0,56.56]]]}},{"type":"Feature","properties":{"Name":"AKglacier00_8301.gtx","ID":"AKglacier00_8301","Agency":"NOAA","DataLink":"https://vdatum.noaa.gov/download/data/AKglacier00_8301.zip","DataType":"tss","DataSource":"vdatum","LastUpdate":"20260331205908"},"geometry":{"type":"Polygon","coordinates":[[[-141.0,56.56],[-131.902,56.56],[-131.902,58.34],[-141.0,58.34],[-141.0,56.56]]]}},{"type":"Feature","properties":{"Name":"AKglacier00_8301.gtx","ID":"AKglacier00_8301","Agency":"NOAA","DataLink":"https://vdatum.noaa.gov/download/data/AKglacier00_8301.zip","DataType":"mtl","DataSource":"vdatum","LastUpdate":"20260331205908"},"geometry":{"type":"Polygon","coordinates":[[[-141.0,56.56],[-131.902,56.56],[-131.902,58.34],[-141.0,58.34],[-141.0,56.56]]]}},{"type":"Feature","properties":{"Name":"AKwhale00_8301.gtx","ID":"AKwhale00_8301","Agency":"NOAA","DataLink":"https://vdatum.noaa.gov/download/data/AKwhale00_8301.zip","DataType":"mhw","DataSource":"vdatum","LastUpdate":"20260331205908"},"geometry":{"type":"Polygon","coordinates":[[[-138.10000000000002,53.611],[-129.902,53.611],[-129.902,56.57],[-138.10000000000002,56.57],[-138.10000000000002,53.611]]]}},{"type":"Feature","properties":{"Name":"AKwhale00_8301.gtx","ID":"AKwhale00_8301","Agency":"NOAA","DataLink":"https://vdatum.noaa.gov/download/data/AKwhale00_8301.zip","DataType":"mhhw","DataSource":"vdatum","LastUpdate":"20260331205908"},"geometry":{"type":"Polygon","coordinates":[[[-138.10000000000002,53.611],[-129.902,53.611],[-129.902,56.57],[-138.10000000000002,56.57],[-138.10000000000002,53.611]]]}},{"type":"Feature","properties":{"Name":"AKwhale00_8301.gtx","ID":"AKwhale00_8301","Agency":"NOAA","DataLink":"https://vdatum.noaa.gov/download/data/AKwhale00_8301.zip","DataType":"mlw","DataSource":"vdatum","LastUpdate":"20260331205908"},"geometry":{"type":"Polygon","coordinates":[[[-138.10000000000002,53.611],[-129.902,53.611],[-129.902,56.57],[-138.10000000000002,56.57],[-138.10000000000002,53.611]]]}},{"type":"Feature","properties":{"Name":"AKwhale00_8301.gtx","ID":"AKwhale00_8301","Agency":"NOAA","DataLink":"https://vdatum.noaa.gov/download/data/AKwhale00_8301.zip","DataType":"mllw","DataSource":"vdatum","LastUpdate":"20260331205908"},"geometry":{"type":"Polygon","coordinates":[[[-138.10000000000002,53.611],[-129.902,53.611],[-129.902,56.57],[-138.10000000000002,56.57],[-138.10000000000002,53.611]]]}},{"type":"Feature","properties":{"Name":"AKwhale00_8301.gtx","ID":"AKwhale00_8301","Agency":"NOAA","DataLink":"https://vdatum.noaa.gov/download/data/AKwhale00_8301.zip","DataType":"tss","DataSource":"vdatum","LastUpdate":"20260331205908"},"geometry":{"type":"Polygon","coordinates":[[[-138.10000000000002,53.611],[-129.902,53.611],[-129.902,56.57],[-138.10000000000002,56.57],[-138.10000000000002,53.611]]]}},{"type":"Feature","properties":{"Name":"AKwhale00_8301.gtx","ID":"AKwhale00_8301","Agency":"NOAA","DataLink":"https://vdatum.noaa.gov/download/data/AKwhale00_8301.zip","DataType":"mtl","DataSource":"vdatum","LastUpdate":"20260331205908"},"geometry":{"type":"Polygon","coordinates":[[[-138.10000000000002,53.611],[-129.902,53.611],[-129.902,56.57],[-138.10000000000002,56.57],[-138.10000000000002,53.611]]]}},{"type":"Feature","properties":{"Name":"AKyakutat00_8301.gtx","ID":"AKyakutat00_8301","Agency":"NOAA","DataLink":"https://vdatum.noaa.gov/download/data/AKyakutat00_8301.zip","DataType":"mhw","DataSource":"vdatum","LastUpdate":"20260331205908"},"geometry":{"type":"Polygon","coordinates":[[[-142.5,58.331],[-133.702,58.331],[-133.702,60.11],[-142.5,60.11],[-142.5,58.331]]]}},{"type":"Feature","properties":{"Name":"AKyakutat00_8301.gtx","ID":"AKyakutat00_8301","Agency":"NOAA","DataLink":"https://vdatum.noaa.gov/download/data/AKyakutat00_8301.zip","DataType":"mhhw","DataSource":"vdatum","LastUpdate":"20260331205908"},"geometry":{"type":"Polygon","coordinates":[[[-142.5,58.331],[-133.702,58.331],[-133.702,60.11],[-142.5,60.11],[-142.5,58.331]]]}},{"type":"Feature","properties":{"Name":"AKyakutat00_8301.gtx","ID":"AKyakutat00_8301","Agency":"NOAA","DataLink":"https://vdatum.noaa.gov/download/data/AKyakutat00_8301.zip","DataType":"mlw","DataSource":"vdatum","LastUpdate":"20260331205908"},"geometry":{"type":"Polygon","coordinates":[[[-142.5,58.331],[-133.702,58.331],[-133.702,60.11],[-142.5,60.11],[-142.5,58.331]]]}},{"type":"Feature","properties":{"Name":"AKyakutat00_8301.gtx","ID":"AKyakutat00_8301","Agency":"NOAA","DataLink":"https://vdatum.noaa.gov/download/data/AKyakutat00_8301.zip","DataType":"mllw","DataSource":"vdatum","LastUpdate":"20260331205908"},"geometry":{"type":"Polygon","coordinates":[[[-142.5,58.331],[-133.702,58.331],[-133.702,60.11],[-142.5,60.11],[-142.5,58.331]]]}},{"type":"Feature","properties":{"Name":"AKyakutat00_8301.gtx","ID":"AKyakutat00_8301","Agency":"NOAA","DataLink":"https://vdatum.noaa.gov/download/data/AKyakutat00_8301.zip","DataType":"tss","DataSource":"vdatum","LastUpdate":"20260331205908"},"geometry":{"type":"Polygon","coordinates":[[[-142.5,58.331],[-133.702,58.331],[-133.702,60.11],[-142.5,60.11],[-142.5,58.331]]]}},{"type":"Feature","properties":{"Name":"AKyakutat00_8301.gtx","ID":"AKyakutat00_8301","Agency":"NOAA","DataLink":"https://vdatum.noaa.gov/download/data/AKyakutat00_8301.zip","DataType":"mtl","DataSource":"vdatum","LastUpdate":"20260331205908"},"geometry":{"type":"Polygon","coordinates":[[[-142.5,58.331],[-133.702,58.331],[-133.702,60.11],[-142.5,60.11],[-142.5,58.331]]]}},{"type":"Feature","properties":{"Name":"vdatum\\ALFL_gom02_8301\\ALFL_gom02_8301.gtx","ID":"ALFL_gom02_8301","Agency":"NOAA","DataLink":"https://vdatum.noaa.gov/download/data/ALFL_gom02_8301.zip","DataType":"mhw","DataSource":"vdatum","LastUpdate":"20260331205908"},"geometry":{"type":"Polygon","coordinates":[[[-88.05700000000002,29.648],[-85.32299999999998,29.648],[-85.32299999999998,30.409],[-88.05700000000002,30.409],[-88.05700000000002,29.648]]]}},{"type":"Feature","properties":{"Name":"vdatum\\ALFL_gom02_8301\\ALFL_gom02_8301.gtx","ID":"ALFL_gom02_8301","Agency":"NOAA","DataLink":"https://vdatum.noaa.gov/download/data/ALFL_gom02_8301.zip","DataType":"mhhw","DataSource":"vdatum","LastUpdate":"20260331205908"},"geometry":{"type":"Polygon","coordinates":[[[-88.05700000000002,29.648],[-85.32299999999998,29.648],[-85.32299999999998,30.409],[-88.05700000000002,30.409],[-88.05700000000002,29.648]]]}},{"type":"Feature","properties":{"Name":"vdatum\\ALFL_gom02_8301\\ALFL_gom02_8301.gtx","ID":"ALFL_gom02_8301","Agency":"NOAA","DataLink":"https://vdatum.noaa.gov/download/data/ALFL_gom02_8301.zip","DataType":"mlw","DataSource":"vdatum","LastUpdate":"20260331205908"},"geometry":{"type":"Polygon","coordinates":[[[-88.05700000000002,29.648],[-85.32299999999998,29.648],[-85.32299999999998,30.409],[-88.05700000000002,30.409],[-88.05700000000002,29.648]]]}},{"type":"Feature","properties":{"Name":"vdatum\\ALFL_gom02_8301\\ALFL_gom02_8301.gtx","ID":"ALFL_gom02_8301","Agency":"NOAA","DataLink":"https://vdatum.noaa.gov/download/data/ALFL_gom02_8301.zip","DataType":"mllw","DataSource":"vdatum","LastUpdate":"20260331205908"},"geometry":{"type":"Polygon","coordinates":[[[-88.05700000000002,29.648],[-85.32299999999998,29.648],[-85.32299999999998,30.409],[-88.05700000000002,30.409],[-88.05700000000002,29.648]]]}},{"type":"Feature","properties":{"Name":"vdatum\\ALFL_gom02_8301\\ALFL_gom02_8301.gtx","ID":"ALFL_gom02_8301","Agency":"NOAA","DataLink":"https://vdatum.noaa.gov/download/data/ALFL_gom02_8301.zip","DataType":"tss","DataSource":"vdatum","LastUpdate":"20260331205908"},"geometry":{"type":"Polygon","coordinates":[[[-88.05700000000002,29.648],[-85.32299999999998,29.648],[-85.32299999999998,30.409],[-88.05700000000002,30.409],[-88.05700000000002,29.648]]]}},{"type":"Feature","properties":{"Name":"vdatum\\ALFL_gom02_8301\\ALFL_gom02_8301.gtx","ID":"ALFL_gom02_8301","Agency":"NOAA","DataLink":"https://vdatum.noaa.gov/download/data/ALFL_gom02_8301.zip","DataType":"mtl","DataSource":"vdatum","LastUpdate":"20260331205908"},"geometry":{"type":"Polygon","coordinates":[[[-88.05700000000002,29.648],[-85.32299999999998,29.648],[-85.32299999999998,30.409],[-88.05700000000002,30.409],[-88.05700000000002,29.648]]]}},{"type":"Feature","properties":{"Name":"ALFLgom02_8301.gtx","ID":"ALFLgom02_8301","Agency":"NOAA","DataLink":"https://vdatum.noaa.gov/download/data/ALFLgom02_8301.zip","DataType":"mhw","DataSource":"vdatum","LastUpdate":"20260331205908"},"geometry":{"type":"Polygon","coordinates":[[[-88.05700000000002,29.648],[-85.32299999999998,29.648],[-85.32299999999998,30.409],[-88.05700000000002,30.409],[-88.05700000000002,29.648]]]}},{"type":"Feature","properties":{"Name":"ALFLgom02_8301.gtx","ID":"ALFLgom02_8301","Agency":"NOAA","DataLink":"https://vdatum.noaa.gov/download/data/ALFLgom02_8301.zip","DataType":"mhhw","DataSource":"vdatum","LastUpdate":"20260331205908"},"geometry":{"type":"Polygon","coordinates":[[[-88.05700000000002,29.648],[-85.32299999999998,29.648],[-85.32299999999998,30.409],[-88.05700000000002,30.409],[-88.05700000000002,29.648]]]}},{"type":"Feature","properties":{"Name":"ALFLgom02_8301.gtx","ID":"ALFLgom02_8301","Agency":"NOAA","DataLink":"https://vdatum.noaa.gov/download/data/ALFLgom02_8301.zip","DataType":"mlw","DataSource":"vdatum","LastUpdate":"20260331205908"},"geometry":{"type":"Polygon","coordinates":[[[-88.05700000000002,29.648],[-85.32299999999998,29.648],[-85.32299999999998,30.409],[-88.05700000000002,30.409],[-88.05700000000002,29.648]]]}},{"type":"Feature","properties":{"Name":"ALFLgom02_8301.gtx","ID":"ALFLgom02_8301","Agency":"NOAA","DataLink":"https://vdatum.noaa.gov/download/data/ALFLgom02_8301.zip","DataType":"mllw","DataSource":"vdatum","LastUpdate":"20260331205908"},"geometry":{"type":"Polygon","coordinates":[[[-88.05700000000002,29.648],[-85.32299999999998,29.648],[-85.32299999999998,30.409],[-88.05700000000002,30.409],[-88.05700000000002,29.648]]]}},{"type":"Feature","properties":{"Name":"ALFLgom02_8301.gtx","ID":"ALFLgom02_8301","Agency":"NOAA","DataLink":"https://vdatum.noaa.gov/download/data/ALFLgom02_8301.zip","DataType":"tss","DataSource":"vdatum","LastUpdate":"20260331205908"},"geometry":{"type":"Polygon","coordinates":[[[-88.05700000000002,29.648],[-85.32299999999998,29.648],[-85.32299999999998,30.409],[-88.05700000000002,30.409],[-88.05700000000002,29.648]]]}},{"type":"Feature","properties":{"Name":"ALFLgom02_8301.gtx","ID":"ALFLgom02_8301","Agency":"NOAA","DataLink":"https://vdatum.noaa.gov/download/data/ALFLgom02_8301.zip","DataType":"mtl","DataSource":"vdatum","LastUpdate":"20260331205908"},"geometry":{"type":"Polygon","coordinates":[[[-88.05700000000002,29.648],[-85.32299999999998,29.648],[-85.32299999999998,30.409],[-88.05700000000002,30.409],[-88.05700000000002,29.648]]]}},{"type":"Feature","properties":{"Name":"ALmobile02_8301.gtx","ID":"ALmobile02_8301","Agency":"NOAA","DataLink":"https://vdatum.noaa.gov/download/data/ALmobile02_8301.zip","DataType":"mhw","DataSource":"vdatum","LastUpdate":"20260331205908"},"geometry":{"type":"Polygon","coordinates":[[[-88.166,30.218],[-87.67700000000002,30.218],[-87.67700000000002,30.742],[-88.166,30.742],[-88.166,30.218]]]}},{"type":"Feature","properties":{"Name":"ALmobile02_8301.gtx","ID":"ALmobile02_8301","Agency":"NOAA","DataLink":"https://vdatum.noaa.gov/download/data/ALmobile02_8301.zip","DataType":"mhhw","DataSource":"vdatum","LastUpdate":"20260331205908"},"geometry":{"type":"Polygon","coordinates":[[[-88.166,30.218],[-87.67700000000002,30.218],[-87.67700000000002,30.742],[-88.166,30.742],[-88.166,30.218]]]}},{"type":"Feature","properties":{"Name":"ALmobile02_8301.gtx","ID":"ALmobile02_8301","Agency":"NOAA","DataLink":"https://vdatum.noaa.gov/download/data/ALmobile02_8301.zip","DataType":"mlw","DataSource":"vdatum","LastUpdate":"20260331205908"},"geometry":{"type":"Polygon","coordinates":[[[-88.166,30.218],[-87.67700000000002,30.218],[-87.67700000000002,30.742],[-88.166,30.742],[-88.166,30.218]]]}},{"type":"Feature","properties":{"Name":"ALmobile02_8301.gtx","ID":"ALmobile02_8301","Agency":"NOAA","DataLink":"https://vdatum.noaa.gov/download/data/ALmobile02_8301.zip","DataType":"mllw","DataSource":"vdatum","LastUpdate":"20260331205908"},"geometry":{"type":"Polygon","coordinates":[[[-88.166,30.218],[-87.67700000000002,30.218],[-87.67700000000002,30.742],[-88.166,30.742],[-88.166,30.218]]]}},{"type":"Feature","properties":{"Name":"ALmobile02_8301.gtx","ID":"ALmobile02_8301","Agency":"NOAA","DataLink":"https://vdatum.noaa.gov/download/data/ALmobile02_8301.zip","DataType":"tss","DataSource":"vdatum","LastUpdate":"20260331205908"},"geometry":{"type":"Polygon","coordinates":[[[-88.166,30.218],[-87.67700000000002,30.218],[-87.67700000000002,30.742],[-88.166,30.742],[-88.166,30.218]]]}},{"type":"Feature","properties":{"Name":"ALmobile02_8301.gtx","ID":"ALmobile02_8301","Agency":"NOAA","DataLink":"https://vdatum.noaa.gov/download/data/ALmobile02_8301.zip","DataType":"mtl","DataSource":"vdatum","LastUpdate":"20260331205908"},"geometry":{"type":"Polygon","coordinates":[[[-88.166,30.218],[-87.67700000000002,30.218],[-87.67700000000002,30.742],[-88.166,30.742],[-88.166,30.218]]]}},{"type":"Feature","properties":{"Name":"CAORblan01_8301.gtx","ID":"CAORblan01_8301","Agency":"NOAA","DataLink":"https://vdatum.noaa.gov/download/data/CAORblan01_8301.zip","DataType":"mhw","DataSource":"vdatum","LastUpdate":"20260331205908"},"geometry":{"type":"Polygon","coordinates":[[[-126.47000000000003,39.99],[-123.88,39.99],[-123.88,42.71],[-126.47000000000003,42.71],[-126.47000000000003,39.99]]]}},{"type":"Feature","properties":{"Name":"CAORblan01_8301.gtx","ID":"CAORblan01_8301","Agency":"NOAA","DataLink":"https://vdatum.noaa.gov/download/data/CAORblan01_8301.zip","DataType":"mhhw","DataSource":"vdatum","LastUpdate":"20260331205908"},"geometry":{"type":"Polygon","coordinates":[[[-126.47000000000003,39.99],[-123.88,39.99],[-123.88,42.71],[-126.47000000000003,42.71],[-126.47000000000003,39.99]]]}},{"type":"Feature","properties":{"Name":"CAORblan01_8301.gtx","ID":"CAORblan01_8301","Agency":"NOAA","DataLink":"https://vdatum.noaa.gov/download/data/CAORblan01_8301.zip","DataType":"mlw","DataSource":"vdatum","LastUpdate":"20260331205908"},"geometry":{"type":"Polygon","coordinates":[[[-126.47000000000003,39.99],[-123.88,39.99],[-123.88,42.71],[-126.47000000000003,42.71],[-126.47000000000003,39.99]]]}},{"type":"Feature","properties":{"Name":"CAORblan01_8301.gtx","ID":"CAORblan01_8301","Agency":"NOAA","DataLink":"https://vdatum.noaa.gov/download/data/CAORblan01_8301.zip","DataType":"mllw","DataSource":"vdatum","LastUpdate":"20260331205908"},"geometry":{"type":"Polygon","coordinates":[[[-126.47000000000003,39.99],[-123.88,39.99],[-123.88,42.71],[-126.47000000000003,42.71],[-126.47000000000003,39.99]]]}},{"type":"Feature","properties":{"Name":"CAORblan01_8301.gtx","ID":"CAORblan01_8301","Agency":"NOAA","DataLink":"https://vdatum.noaa.gov/download/data/CAORblan01_8301.zip","DataType":"tss","DataSource":"vdatum","LastUpdate":"20260331205908"},"geometry":{"type":"Polygon","coordinates":[[[-126.47000000000003,39.99],[-123.88,39.99],[-123.88,42.71],[-126.47000000000003,42.71],[-126.47000000000003,39.99]]]}},{"type":"Feature","properties":{"Name":"CAORblan01_8301.gtx","ID":"CAORblan01_8301","Agency":"NOAA","DataLink":"https://vdatum.noaa.gov/download/data/CAORblan01_8301.zip","DataType":"mtl","DataSource":"vdatum","LastUpdate":"20260331205908"},"geometry":{"type":"Polygon","coordinates":[[[-126.47000000000003,39.99],[-123.88,39.99],[-123.88,42.71],[-126.47000000000003,42.71],[-126.47000000000003,39.99]]]}},{"type":"Feature","properties":{"Name":"vdatum\\CA_socal01_8301_03\\CA_socal01_8301_03.gtx","ID":"CA_socal01_8301_03","Agency":"NOAA","DataLink":"https://vdatum.noaa.gov/download/data/CA_socal01_8301_03.zip","DataType":"mhw","DataSource":"vdatum","LastUpdate":"20260331205908"},"geometry":{"type":"Polygon","coordinates":[[[-122.13999999999999,32.11],[-117.03999999999996,32.11],[-117.03999999999996,35.0],[-122.13999999999999,35.0],[-122.13999999999999,32.11]]]}},{"type":"Feature","properties":{"Name":"vdatum\\CA_socal01_8301_03\\CA_socal01_8301_03.gtx","ID":"CA_socal01_8301_03","Agency":"NOAA","DataLink":"https://vdatum.noaa.gov/download/data/CA_socal01_8301_03.zip","DataType":"mhhw","DataSource":"vdatum","LastUpdate":"20260331205908"},"geometry":{"type":"Polygon","coordinates":[[[-122.13999999999999,32.11],[-117.03999999999996,32.11],[-117.03999999999996,35.0],[-122.13999999999999,35.0],[-122.13999999999999,32.11]]]}},{"type":"Feature","properties":{"Name":"vdatum\\CA_socal01_8301_03\\CA_socal01_8301_03.gtx","ID":"CA_socal01_8301_03","Agency":"NOAA","DataLink":"https://vdatum.noaa.gov/download/data/CA_socal01_8301_03.zip","DataType":"mlw","DataSource":"vdatum","LastUpdate":"20260331205908"},"geometry":{"type":"Polygon","coordinates":[[[-122.13999999999999,32.11],[-117.03999999999996,32.11],[-117.03999999999996,35.0],[-122.13999999999999,35.0],[-122.13999999999999,32.11]]]}},{"type":"Feature","properties":{"Name":"vdatum\\CA_socal01_8301_03\\CA_socal01_8301_03.gtx","ID":"CA_socal01_8301_03","Agency":"NOAA","DataLink":"https://vdatum.noaa.gov/download/data/CA_socal01_8301_03.zip","DataType":"mllw","DataSource":"vdatum","LastUpdate":"20260331205908"},"geometry":{"type":"Polygon","coordinates":[[[-122.13999999999999,32.11],[-117.03999999999996,32.11],[-117.03999999999996,35.0],[-122.13999999999999,35.0],[-122.13999999999999,32.11]]]}},{"type":"Feature","properties":{"Name":"vdatum\\CA_socal01_8301_03\\CA_socal01_8301_03.gtx","ID":"CA_socal01_8301_03","Agency":"NOAA","DataLink":"https://vdatum.noaa.gov/download/data/CA_socal01_8301_03.zip","DataType":"tss","DataSource":"vdatum","LastUpdate":"20260331205908"},"geometry":{"type":"Polygon","coordinates":[[[-122.13999999999999,32.11],[-117.03999999999996,32.11],[-117.03999999999996,35.0],[-122.13999999999999,35.0],[-122.13999999999999,32.11]]]}},{"type":"Feature","properties":{"Name":"vdatum\\CA_socal01_8301_03\\CA_socal01_8301_03.gtx","ID":"CA_socal01_8301_03","Agency":"NOAA","DataLink":"https://vdatum.noaa.gov/download/data/CA_socal01_8301_03.zip","DataType":"mtl","DataSource":"vdatum","LastUpdate":"20260331205908"},"geometry":{"type":"Polygon","coordinates":[[[-122.13999999999999,32.11],[-117.03999999999996,32.11],[-117.03999999999996,35.0],[-122.13999999999999,35.0],[-122.13999999999999,32.11]]]}},{"type":"Feature","properties":{"Name":"CAmontby13_8301.gtx","ID":"CAmontby13_8301","Agency":"NOAA","DataLink":"https://vdatum.noaa.gov/download/data/CAmontby13_8301.zip","DataType":"mhw","DataSource":"vdatum","LastUpdate":"20260331205908"},"geometry":{"type":"Polygon","coordinates":[[[-124.75713400000001,34.902],[-120.39813400000003,34.902],[-120.39813400000003,37.401],[-124.75713400000001,37.401],[-124.75713400000001,34.902]]]}},{"type":"Feature","properties":{"Name":"CAmontby13_8301.gtx","ID":"CAmontby13_8301","Agency":"NOAA","DataLink":"https://vdatum.noaa.gov/download/data/CAmontby13_8301.zip","DataType":"mhhw","DataSource":"vdatum","LastUpdate":"20260331205908"},"geometry":{"type":"Polygon","coordinates":[[[-124.75713400000001,34.902],[-120.39813400000003,34.902],[-120.39813400000003,37.401],[-124.75713400000001,37.401],[-124.75713400000001,34.902]]]}},{"type":"Feature","properties":{"Name":"CAmontby13_8301.gtx","ID":"CAmontby13_8301","Agency":"NOAA","DataLink":"https://vdatum.noaa.gov/download/data/CAmontby13_8301.zip","DataType":"mlw","DataSource":"vdatum","LastUpdate":"20260331205908"},"geometry":{"type":"Polygon","coordinates":[[[-124.75713400000001,34.902],[-120.39813400000003,34.902],[-120.39813400000003,37.401],[-124.75713400000001,37.401],[-124.75713400000001,34.902]]]}},{"type":"Feature","properties":{"Name":"CAmontby13_8301.gtx","ID":"CAmontby13_8301","Agency":"NOAA","DataLink":"https://vdatum.noaa.gov/download/data/CAmontby13_8301.zip","DataType":"mllw","DataSource":"vdatum","LastUpdate":"20260331205908"},"geometry":{"type":"Polygon","coordinates":[[[-124.75713400000001,34.902],[-120.39813400000003,34.902],[-120.39813400000003,37.401],[-124.75713400000001,37.401],[-124.75713400000001,34.902]]]}},{"type":"Feature","properties":{"Name":"CAmontby13_8301.gtx","ID":"CAmontby13_8301","Agency":"NOAA","DataLink":"https://vdatum.noaa.gov/download/data/CAmontby13_8301.zip","DataType":"tss","DataSource":"vdatum","LastUpdate":"20260331205908"},"geometry":{"type":"Polygon","coordinates":[[[-124.75713400000001,34.902],[-120.39813400000003,34.902],[-120.39813400000003,37.401],[-124.75713400000001,37.401],[-124.75713400000001,34.902]]]}},{"type":"Feature","properties":{"Name":"CAmontby13_8301.gtx","ID":"CAmontby13_8301","Agency":"NOAA","DataLink":"https://vdatum.noaa.gov/download/data/CAmontby13_8301.zip","DataType":"mtl","DataSource":"vdatum","LastUpdate":"20260331205908"},"geometry":{"type":"Polygon","coordinates":[[[-124.75713400000001,34.902],[-120.39813400000003,34.902],[-120.39813400000003,37.401],[-124.75713400000001,37.401],[-124.75713400000001,34.902]]]}},{"type":"Feature","properties":{"Name":"CAmorrob01_8301.gtx","ID":"CAmorrob01_8301","Agency":"NOAA","DataLink":"https://vdatum.noaa.gov/download/data/CAmorrob01_8301.zip","DataType":"mhw","DataSource":"vdatum","LastUpdate":"20260331205909"},"geometry":{"type":"Polygon","coordinates":[[[-124.81,34.89],[-120.565,34.89],[-120.565,37.41],[-124.81,37.41],[-124.81,34.89]]]}},{"type":"Feature","properties":{"Name":"CAmorrob01_8301.gtx","ID":"CAmorrob01_8301","Agency":"NOAA","DataLink":"https://vdatum.noaa.gov/download/data/CAmorrob01_8301.zip","DataType":"mhhw","DataSource":"vdatum","LastUpdate":"20260331205909"},"geometry":{"type":"Polygon","coordinates":[[[-124.81,34.89],[-120.565,34.89],[-120.565,37.41],[-124.81,37.41],[-124.81,34.89]]]}},{"type":"Feature","properties":{"Name":"CAmorrob01_8301.gtx","ID":"CAmorrob01_8301","Agency":"NOAA","DataLink":"https://vdatum.noaa.gov/download/data/CAmorrob01_8301.zip","DataType":"mlw","DataSource":"vdatum","LastUpdate":"20260331205909"},"geometry":{"type":"Polygon","coordinates":[[[-124.81,34.89],[-120.565,34.89],[-120.565,37.41],[-124.81,37.41],[-124.81,34.89]]]}},{"type":"Feature","properties":{"Name":"CAmorrob01_8301.gtx","ID":"CAmorrob01_8301","Agency":"NOAA","DataLink":"https://vdatum.noaa.gov/download/data/CAmorrob01_8301.zip","DataType":"mllw","DataSource":"vdatum","LastUpdate":"20260331205909"},"geometry":{"type":"Polygon","coordinates":[[[-124.81,34.89],[-120.565,34.89],[-120.565,37.41],[-124.81,37.41],[-124.81,34.89]]]}},{"type":"Feature","properties":{"Name":"CAmorrob01_8301.gtx","ID":"CAmorrob01_8301","Agency":"NOAA","DataLink":"https://vdatum.noaa.gov/download/data/CAmorrob01_8301.zip","DataType":"tss","DataSource":"vdatum","LastUpdate":"20260331205909"},"geometry":{"type":"Polygon","coordinates":[[[-124.81,34.89],[-120.565,34.89],[-120.565,37.41],[-124.81,37.41],[-124.81,34.89]]]}},{"type":"Feature","properties":{"Name":"CAmorrob01_8301.gtx","ID":"CAmorrob01_8301","Agency":"NOAA","DataLink":"https://vdatum.noaa.gov/download/data/CAmorrob01_8301.zip","DataType":"mtl","DataSource":"vdatum","LastUpdate":"20260331205909"},"geometry":{"type":"Polygon","coordinates":[[[-124.81,34.89],[-120.565,34.89],[-120.565,37.41],[-124.81,37.41],[-124.81,34.89]]]}},{"type":"Feature","properties":{"Name":"CAoregon00_8301.gtx","ID":"CAoregon00_8301","Agency":"NOAA","DataLink":"https://vdatum.noaa.gov/download/data/CAoregon00_8301.zip","DataType":"mhw","DataSource":"vdatum","LastUpdate":"20260331205909"},"geometry":{"type":"Polygon","coordinates":[[[-126.45253600000001,39.999],[-123.94453599999997,39.999],[-123.94453599999997,42.705],[-126.45253600000001,42.705],[-126.45253600000001,39.999]]]}},{"type":"Feature","properties":{"Name":"CAoregon00_8301.gtx","ID":"CAoregon00_8301","Agency":"NOAA","DataLink":"https://vdatum.noaa.gov/download/data/CAoregon00_8301.zip","DataType":"mhhw","DataSource":"vdatum","LastUpdate":"20260331205909"},"geometry":{"type":"Polygon","coordinates":[[[-126.45253600000001,39.999],[-123.94453599999997,39.999],[-123.94453599999997,42.705],[-126.45253600000001,42.705],[-126.45253600000001,39.999]]]}},{"type":"Feature","properties":{"Name":"CAoregon00_8301.gtx","ID":"CAoregon00_8301","Agency":"NOAA","DataLink":"https://vdatum.noaa.gov/download/data/CAoregon00_8301.zip","DataType":"mlw","DataSource":"vdatum","LastUpdate":"20260331205909"},"geometry":{"type":"Polygon","coordinates":[[[-126.45253600000001,39.999],[-123.94453599999997,39.999],[-123.94453599999997,42.705],[-126.45253600000001,42.705],[-126.45253600000001,39.999]]]}},{"type":"Feature","properties":{"Name":"CAoregon00_8301.gtx","ID":"CAoregon00_8301","Agency":"NOAA","DataLink":"https://vdatum.noaa.gov/download/data/CAoregon00_8301.zip","DataType":"mllw","DataSource":"vdatum","LastUpdate":"20260331205909"},"geometry":{"type":"Polygon","coordinates":[[[-126.45253600000001,39.999],[-123.94453599999997,39.999],[-123.94453599999997,42.705],[-126.45253600000001,42.705],[-126.45253600000001,39.999]]]}},{"type":"Feature","properties":{"Name":"CAoregon00_8301.gtx","ID":"CAoregon00_8301","Agency":"NOAA","DataLink":"https://vdatum.noaa.gov/download/data/CAoregon00_8301.zip","DataType":"tss","DataSource":"vdatum","LastUpdate":"20260331205909"},"geometry":{"type":"Polygon","coordinates":[[[-126.45253600000001,39.999],[-123.94453599999997,39.999],[-123.94453599999997,42.705],[-126.45253600000001,42.705],[-126.45253600000001,39.999]]]}},{"type":"Feature","properties":{"Name":"CAoregon00_8301.gtx","ID":"CAoregon00_8301","Agency":"NOAA","DataLink":"https://vdatum.noaa.gov/download/data/CAoregon00_8301.zip","DataType":"mtl","DataSource":"vdatum","LastUpdate":"20260331205909"},"geometry":{"type":"Polygon","coordinates":[[[-126.45253600000001,39.999],[-123.94453599999997,39.999],[-123.94453599999997,42.705],[-126.45253600000001,42.705],[-126.45253600000001,39.999]]]}},{"type":"Feature","properties":{"Name":"CAsanfrb01_8301.gtx","ID":"CAsanfrb01_8301","Agency":"NOAA","DataLink":"https://vdatum.noaa.gov/download/data/CAsanfrb01_8301.zip","DataType":"mhw","DataSource":"vdatum","LastUpdate":"20260331205909"},"geometry":{"type":"Polygon","coordinates":[[[-126.19999999999999,37.39],[-121.82,37.39],[-121.82,40.01],[-126.19999999999999,40.01],[-126.19999999999999,37.39]]]}},{"type":"Feature","properties":{"Name":"CAsanfrb01_8301.gtx","ID":"CAsanfrb01_8301","Agency":"NOAA","DataLink":"https://vdatum.noaa.gov/download/data/CAsanfrb01_8301.zip","DataType":"mhhw","DataSource":"vdatum","LastUpdate":"20260331205909"},"geometry":{"type":"Polygon","coordinates":[[[-126.19999999999999,37.39],[-121.82,37.39],[-121.82,40.01],[-126.19999999999999,40.01],[-126.19999999999999,37.39]]]}},{"type":"Feature","properties":{"Name":"CAsanfrb01_8301.gtx","ID":"CAsanfrb01_8301","Agency":"NOAA","DataLink":"https://vdatum.noaa.gov/download/data/CAsanfrb01_8301.zip","DataType":"mlw","DataSource":"vdatum","LastUpdate":"20260331205909"},"geometry":{"type":"Polygon","coordinates":[[[-126.19999999999999,37.39],[-121.82,37.39],[-121.82,40.01],[-126.19999999999999,40.01],[-126.19999999999999,37.39]]]}},{"type":"Feature","properties":{"Name":"CAsanfrb01_8301.gtx","ID":"CAsanfrb01_8301","Agency":"NOAA","DataLink":"https://vdatum.noaa.gov/download/data/CAsanfrb01_8301.zip","DataType":"mllw","DataSource":"vdatum","LastUpdate":"20260331205909"},"geometry":{"type":"Polygon","coordinates":[[[-126.19999999999999,37.39],[-121.82,37.39],[-121.82,40.01],[-126.19999999999999,40.01],[-126.19999999999999,37.39]]]}},{"type":"Feature","properties":{"Name":"CAsanfrb01_8301.gtx","ID":"CAsanfrb01_8301","Agency":"NOAA","DataLink":"https://vdatum.noaa.gov/download/data/CAsanfrb01_8301.zip","DataType":"tss","DataSource":"vdatum","LastUpdate":"20260331205909"},"geometry":{"type":"Polygon","coordinates":[[[-126.19999999999999,37.39],[-121.82,37.39],[-121.82,40.01],[-126.19999999999999,40.01],[-126.19999999999999,37.39]]]}},{"type":"Feature","properties":{"Name":"CAsanfrb01_8301.gtx","ID":"CAsanfrb01_8301","Agency":"NOAA","DataLink":"https://vdatum.noaa.gov/download/data/CAsanfrb01_8301.zip","DataType":"mtl","DataSource":"vdatum","LastUpdate":"20260331205909"},"geometry":{"type":"Polygon","coordinates":[[[-126.19999999999999,37.39],[-121.82,37.39],[-121.82,40.01],[-126.19999999999999,40.01],[-126.19999999999999,37.39]]]}},{"type":"Feature","properties":{"Name":"CAsanfrb12_8301.gtx","ID":"CAsanfrb12_8301","Agency":"NOAA","DataLink":"https://vdatum.noaa.gov/download/data/CAsanfrb12_8301.zip","DataType":"mhw","DataSource":"vdatum","LastUpdate":"20260331205909"},"geometry":{"type":"Polygon","coordinates":[[[-126.19999999999999,37.387],[-121.52999999999997,37.387],[-121.52999999999997,40.013],[-126.19999999999999,40.013],[-126.19999999999999,37.387]]]}},{"type":"Feature","properties":{"Name":"CAsanfrb12_8301.gtx","ID":"CAsanfrb12_8301","Agency":"NOAA","DataLink":"https://vdatum.noaa.gov/download/data/CAsanfrb12_8301.zip","DataType":"mhhw","DataSource":"vdatum","LastUpdate":"20260331205909"},"geometry":{"type":"Polygon","coordinates":[[[-126.19999999999999,37.387],[-121.52999999999997,37.387],[-121.52999999999997,40.013],[-126.19999999999999,40.013],[-126.19999999999999,37.387]]]}},{"type":"Feature","properties":{"Name":"CAsanfrb12_8301.gtx","ID":"CAsanfrb12_8301","Agency":"NOAA","DataLink":"https://vdatum.noaa.gov/download/data/CAsanfrb12_8301.zip","DataType":"mlw","DataSource":"vdatum","LastUpdate":"20260331205909"},"geometry":{"type":"Polygon","coordinates":[[[-126.19999999999999,37.387],[-121.52999999999997,37.387],[-121.52999999999997,40.013],[-126.19999999999999,40.013],[-126.19999999999999,37.387]]]}},{"type":"Feature","properties":{"Name":"CAsanfrb12_8301.gtx","ID":"CAsanfrb12_8301","Agency":"NOAA","DataLink":"https://vdatum.noaa.gov/download/data/CAsanfrb12_8301.zip","DataType":"mllw","DataSource":"vdatum","LastUpdate":"20260331205909"},"geometry":{"type":"Polygon","coordinates":[[[-126.19999999999999,37.387],[-121.52999999999997,37.387],[-121.52999999999997,40.013],[-126.19999999999999,40.013],[-126.19999999999999,37.387]]]}},{"type":"Feature","properties":{"Name":"CAsanfrb12_8301.gtx","ID":"CAsanfrb12_8301","Agency":"NOAA","DataLink":"https://vdatum.noaa.gov/download/data/CAsanfrb12_8301.zip","DataType":"tss","DataSource":"vdatum","LastUpdate":"20260331205909"},"geometry":{"type":"Polygon","coordinates":[[[-126.19999999999999,37.387],[-121.52999999999997,37.387],[-121.52999999999997,40.013],[-126.19999999999999,40.013],[-126.19999999999999,37.387]]]}},{"type":"Feature","properties":{"Name":"CAsanfrb12_8301.gtx","ID":"CAsanfrb12_8301","Agency":"NOAA","DataLink":"https://vdatum.noaa.gov/download/data/CAsanfrb12_8301.zip","DataType":"mtl","DataSource":"vdatum","LastUpdate":"20260331205909"},"geometry":{"type":"Polygon","coordinates":[[[-126.19999999999999,37.387],[-121.52999999999997,37.387],[-121.52999999999997,40.013],[-126.19999999999999,40.013],[-126.19999999999999,37.387]]]}},{"type":"Feature","properties":{"Name":"CAsfbay13_8301.gtx","ID":"CAsfbay13_8301","Agency":"NOAA","DataLink":"https://vdatum.noaa.gov/download/data/CAsfbay13_8301.zip","DataType":"mhw","DataSource":"vdatum","LastUpdate":"20260331205909"},"geometry":{"type":"Polygon","coordinates":[[[-126.13862599999999,37.398999],[-122.38962600000002,37.398999],[-122.38962600000002,40.001999],[-126.13862599999999,40.001999],[-126.13862599999999,37.398999]]]}},{"type":"Feature","properties":{"Name":"CAsfbay13_8301.gtx","ID":"CAsfbay13_8301","Agency":"NOAA","DataLink":"https://vdatum.noaa.gov/download/data/CAsfbay13_8301.zip","DataType":"mhhw","DataSource":"vdatum","LastUpdate":"20260331205909"},"geometry":{"type":"Polygon","coordinates":[[[-126.13862599999999,37.398999],[-122.38962600000002,37.398999],[-122.38962600000002,40.001999],[-126.13862599999999,40.001999],[-126.13862599999999,37.398999]]]}},{"type":"Feature","properties":{"Name":"CAsfbay13_8301.gtx","ID":"CAsfbay13_8301","Agency":"NOAA","DataLink":"https://vdatum.noaa.gov/download/data/CAsfbay13_8301.zip","DataType":"mlw","DataSource":"vdatum","LastUpdate":"20260331205909"},"geometry":{"type":"Polygon","coordinates":[[[-126.13862599999999,37.398999],[-122.38962600000002,37.398999],[-122.38962600000002,40.001999],[-126.13862599999999,40.001999],[-126.13862599999999,37.398999]]]}},{"type":"Feature","properties":{"Name":"CAsfbay13_8301.gtx","ID":"CAsfbay13_8301","Agency":"NOAA","DataLink":"https://vdatum.noaa.gov/download/data/CAsfbay13_8301.zip","DataType":"mllw","DataSource":"vdatum","LastUpdate":"20260331205909"},"geometry":{"type":"Polygon","coordinates":[[[-126.13862599999999,37.398999],[-122.38962600000002,37.398999],[-122.38962600000002,40.001999],[-126.13862599999999,40.001999],[-126.13862599999999,37.398999]]]}},{"type":"Feature","properties":{"Name":"CAsfbay13_8301.gtx","ID":"CAsfbay13_8301","Agency":"NOAA","DataLink":"https://vdatum.noaa.gov/download/data/CAsfbay13_8301.zip","DataType":"tss","DataSource":"vdatum","LastUpdate":"20260331205909"},"geometry":{"type":"Polygon","coordinates":[[[-126.13862599999999,37.398999],[-122.38962600000002,37.398999],[-122.38962600000002,40.001999],[-126.13862599999999,40.001999],[-126.13862599999999,37.398999]]]}},{"type":"Feature","properties":{"Name":"CAsfbay13_8301.gtx","ID":"CAsfbay13_8301","Agency":"NOAA","DataLink":"https://vdatum.noaa.gov/download/data/CAsfbay13_8301.zip","DataType":"mtl","DataSource":"vdatum","LastUpdate":"20260331205909"},"geometry":{"type":"Polygon","coordinates":[[[-126.13862599999999,37.398999],[-122.38962600000002,37.398999],[-122.38962600000002,40.001999],[-126.13862599999999,40.001999],[-126.13862599999999,37.398999]]]}},{"type":"Feature","properties":{"Name":"CAsfdel00_8301.gtx","ID":"CAsfdel00_8301","Agency":"NOAA","DataLink":"https://vdatum.noaa.gov/download/data/CAsfdel00_8301.zip","DataType":"mhw","DataSource":"vdatum","LastUpdate":"20260331205909"},"geometry":{"type":"Polygon","coordinates":[[[-123.06588999999997,37.3411],[-121.30368999999996,37.3411],[-121.30368999999996,38.6131],[-123.06588999999997,38.6131],[-123.06588999999997,37.3411]]]}},{"type":"Feature","properties":{"Name":"CAsfdel00_8301.gtx","ID":"CAsfdel00_8301","Agency":"NOAA","DataLink":"https://vdatum.noaa.gov/download/data/CAsfdel00_8301.zip","DataType":"mhhw","DataSource":"vdatum","LastUpdate":"20260331205909"},"geometry":{"type":"Polygon","coordinates":[[[-123.06588999999997,37.3411],[-121.30368999999996,37.3411],[-121.30368999999996,38.6131],[-123.06588999999997,38.6131],[-123.06588999999997,37.3411]]]}},{"type":"Feature","properties":{"Name":"CAsfdel00_8301.gtx","ID":"CAsfdel00_8301","Agency":"NOAA","DataLink":"https://vdatum.noaa.gov/download/data/CAsfdel00_8301.zip","DataType":"mlw","DataSource":"vdatum","LastUpdate":"20260331205909"},"geometry":{"type":"Polygon","coordinates":[[[-123.06588999999997,37.3411],[-121.30368999999996,37.3411],[-121.30368999999996,38.6131],[-123.06588999999997,38.6131],[-123.06588999999997,37.3411]]]}},{"type":"Feature","properties":{"Name":"CAsfdel00_8301.gtx","ID":"CAsfdel00_8301","Agency":"NOAA","DataLink":"https://vdatum.noaa.gov/download/data/CAsfdel00_8301.zip","DataType":"mllw","DataSource":"vdatum","LastUpdate":"20260331205909"},"geometry":{"type":"Polygon","coordinates":[[[-123.06588999999997,37.3411],[-121.30368999999996,37.3411],[-121.30368999999996,38.6131],[-123.06588999999997,38.6131],[-123.06588999999997,37.3411]]]}},{"type":"Feature","properties":{"Name":"CAsfdel00_8301.gtx","ID":"CAsfdel00_8301","Agency":"NOAA","DataLink":"https://vdatum.noaa.gov/download/data/CAsfdel00_8301.zip","DataType":"tss","DataSource":"vdatum","LastUpdate":"20260331205909"},"geometry":{"type":"Polygon","coordinates":[[[-123.06588999999997,37.3411],[-121.30368999999996,37.3411],[-121.30368999999996,38.6131],[-123.06588999999997,38.6131],[-123.06588999999997,37.3411]]]}},{"type":"Feature","properties":{"Name":"CAsfdel00_8301.gtx","ID":"CAsfdel00_8301","Agency":"NOAA","DataLink":"https://vdatum.noaa.gov/download/data/CAsfdel00_8301.zip","DataType":"mtl","DataSource":"vdatum","LastUpdate":"20260331205909"},"geometry":{"type":"Polygon","coordinates":[[[-123.06588999999997,37.3411],[-121.30368999999996,37.3411],[-121.30368999999996,38.6131],[-123.06588999999997,38.6131],[-123.06588999999997,37.3411]]]}},{"type":"Feature","properties":{"Name":"CAsocal01_8301.gtx","ID":"CAsocal01_8301","Agency":"NOAA","DataLink":"https://vdatum.noaa.gov/download/data/CAsocal01_8301.zip","DataType":"mhw","DataSource":"vdatum","LastUpdate":"20260331205909"},"geometry":{"type":"Polygon","coordinates":[[[-122.13999999999999,32.11],[-117.03999999999996,32.11],[-117.03999999999996,35.0],[-122.13999999999999,35.0],[-122.13999999999999,32.11]]]}},{"type":"Feature","properties":{"Name":"CAsocal01_8301.gtx","ID":"CAsocal01_8301","Agency":"NOAA","DataLink":"https://vdatum.noaa.gov/download/data/CAsocal01_8301.zip","DataType":"mhhw","DataSource":"vdatum","LastUpdate":"20260331205909"},"geometry":{"type":"Polygon","coordinates":[[[-122.13999999999999,32.11],[-117.03999999999996,32.11],[-117.03999999999996,35.0],[-122.13999999999999,35.0],[-122.13999999999999,32.11]]]}},{"type":"Feature","properties":{"Name":"CAsocal01_8301.gtx","ID":"CAsocal01_8301","Agency":"NOAA","DataLink":"https://vdatum.noaa.gov/download/data/CAsocal01_8301.zip","DataType":"mlw","DataSource":"vdatum","LastUpdate":"20260331205909"},"geometry":{"type":"Polygon","coordinates":[[[-122.13999999999999,32.11],[-117.03999999999996,32.11],[-117.03999999999996,35.0],[-122.13999999999999,35.0],[-122.13999999999999,32.11]]]}},{"type":"Feature","properties":{"Name":"CAsocal01_8301.gtx","ID":"CAsocal01_8301","Agency":"NOAA","DataLink":"https://vdatum.noaa.gov/download/data/CAsocal01_8301.zip","DataType":"mllw","DataSource":"vdatum","LastUpdate":"20260331205909"},"geometry":{"type":"Polygon","coordinates":[[[-122.13999999999999,32.11],[-117.03999999999996,32.11],[-117.03999999999996,35.0],[-122.13999999999999,35.0],[-122.13999999999999,32.11]]]}},{"type":"Feature","properties":{"Name":"CAsocal01_8301.gtx","ID":"CAsocal01_8301","Agency":"NOAA","DataLink":"https://vdatum.noaa.gov/download/data/CAsocal01_8301.zip","DataType":"tss","DataSource":"vdatum","LastUpdate":"20260331205909"},"geometry":{"type":"Polygon","coordinates":[[[-122.13999999999999,32.11],[-117.03999999999996,32.11],[-117.03999999999996,35.0],[-122.13999999999999,35.0],[-122.13999999999999,32.11]]]}},{"type":"Feature","properties":{"Name":"CAsocal01_8301.gtx","ID":"CAsocal01_8301","Agency":"NOAA","DataLink":"https://vdatum.noaa.gov/download/data/CAsocal01_8301.zip","DataType":"mtl","DataSource":"vdatum","LastUpdate":"20260331205909"},"geometry":{"type":"Polygon","coordinates":[[[-122.13999999999999,32.11],[-117.03999999999996,32.11],[-117.03999999999996,35.0],[-122.13999999999999,35.0],[-122.13999999999999,32.11]]]}},{"type":"Feature","properties":{"Name":"CAsouin00_8301.gtx","ID":"CAsouin00_8301","Agency":"NOAA","DataLink":"https://vdatum.noaa.gov/download/data/CAsouin00_8301.zip","DataType":"mhw","DataSource":"vdatum","LastUpdate":"20260331205909"},"geometry":{"type":"Polygon","coordinates":[[[-119.26801,32.5623],[-117.02461,32.5623],[-117.02461,34.2687],[-119.26801,34.2687],[-119.26801,32.5623]]]}},{"type":"Feature","properties":{"Name":"CAsouin00_8301.gtx","ID":"CAsouin00_8301","Agency":"NOAA","DataLink":"https://vdatum.noaa.gov/download/data/CAsouin00_8301.zip","DataType":"mhhw","DataSource":"vdatum","LastUpdate":"20260331205909"},"geometry":{"type":"Polygon","coordinates":[[[-119.26801,32.5623],[-117.02461,32.5623],[-117.02461,34.2687],[-119.26801,34.2687],[-119.26801,32.5623]]]}},{"type":"Feature","properties":{"Name":"CAsouin00_8301.gtx","ID":"CAsouin00_8301","Agency":"NOAA","DataLink":"https://vdatum.noaa.gov/download/data/CAsouin00_8301.zip","DataType":"mlw","DataSource":"vdatum","LastUpdate":"20260331205909"},"geometry":{"type":"Polygon","coordinates":[[[-119.26801,32.5623],[-117.02461,32.5623],[-117.02461,34.2687],[-119.26801,34.2687],[-119.26801,32.5623]]]}},{"type":"Feature","properties":{"Name":"CAsouin00_8301.gtx","ID":"CAsouin00_8301","Agency":"NOAA","DataLink":"https://vdatum.noaa.gov/download/data/CAsouin00_8301.zip","DataType":"mllw","DataSource":"vdatum","LastUpdate":"20260331205909"},"geometry":{"type":"Polygon","coordinates":[[[-119.26801,32.5623],[-117.02461,32.5623],[-117.02461,34.2687],[-119.26801,34.2687],[-119.26801,32.5623]]]}},{"type":"Feature","properties":{"Name":"CAsouin00_8301.gtx","ID":"CAsouin00_8301","Agency":"NOAA","DataLink":"https://vdatum.noaa.gov/download/data/CAsouin00_8301.zip","DataType":"tss","DataSource":"vdatum","LastUpdate":"20260331205909"},"geometry":{"type":"Polygon","coordinates":[[[-119.26801,32.5623],[-117.02461,32.5623],[-117.02461,34.2687],[-119.26801,34.2687],[-119.26801,32.5623]]]}},{"type":"Feature","properties":{"Name":"CAsouin00_8301.gtx","ID":"CAsouin00_8301","Agency":"NOAA","DataLink":"https://vdatum.noaa.gov/download/data/CAsouin00_8301.zip","DataType":"mtl","DataSource":"vdatum","LastUpdate":"20260331205909"},"geometry":{"type":"Polygon","coordinates":[[[-119.26801,32.5623],[-117.02461,32.5623],[-117.02461,34.2687],[-119.26801,34.2687],[-119.26801,32.5623]]]}},{"type":"Feature","properties":{"Name":"CAsouthn00_8301.gtx","ID":"CAsouthn00_8301","Agency":"NOAA","DataLink":"https://vdatum.noaa.gov/download/data/CAsouthn00_8301.zip","DataType":"mhw","DataSource":"vdatum","LastUpdate":"20260331205909"},"geometry":{"type":"Polygon","coordinates":[[[-122.50099999999998,32.29],[-117.101,32.29],[-117.101,34.924],[-122.50099999999998,34.924],[-122.50099999999998,32.29]]]}},{"type":"Feature","properties":{"Name":"CAsouthn00_8301.gtx","ID":"CAsouthn00_8301","Agency":"NOAA","DataLink":"https://vdatum.noaa.gov/download/data/CAsouthn00_8301.zip","DataType":"mhhw","DataSource":"vdatum","LastUpdate":"20260331205909"},"geometry":{"type":"Polygon","coordinates":[[[-122.50099999999998,32.29],[-117.101,32.29],[-117.101,34.924],[-122.50099999999998,34.924],[-122.50099999999998,32.29]]]}},{"type":"Feature","properties":{"Name":"CAsouthn00_8301.gtx","ID":"CAsouthn00_8301","Agency":"NOAA","DataLink":"https://vdatum.noaa.gov/download/data/CAsouthn00_8301.zip","DataType":"mlw","DataSource":"vdatum","LastUpdate":"20260331205909"},"geometry":{"type":"Polygon","coordinates":[[[-122.50099999999998,32.29],[-117.101,32.29],[-117.101,34.924],[-122.50099999999998,34.924],[-122.50099999999998,32.29]]]}},{"type":"Feature","properties":{"Name":"CAsouthn00_8301.gtx","ID":"CAsouthn00_8301","Agency":"NOAA","DataLink":"https://vdatum.noaa.gov/download/data/CAsouthn00_8301.zip","DataType":"mllw","DataSource":"vdatum","LastUpdate":"20260331205909"},"geometry":{"type":"Polygon","coordinates":[[[-122.50099999999998,32.29],[-117.101,32.29],[-117.101,34.924],[-122.50099999999998,34.924],[-122.50099999999998,32.29]]]}},{"type":"Feature","properties":{"Name":"CAsouthn00_8301.gtx","ID":"CAsouthn00_8301","Agency":"NOAA","DataLink":"https://vdatum.noaa.gov/download/data/CAsouthn00_8301.zip","DataType":"tss","DataSource":"vdatum","LastUpdate":"20260331205909"},"geometry":{"type":"Polygon","coordinates":[[[-122.50099999999998,32.29],[-117.101,32.29],[-117.101,34.924],[-122.50099999999998,34.924],[-122.50099999999998,32.29]]]}},{"type":"Feature","properties":{"Name":"CAsouthn00_8301.gtx","ID":"CAsouthn00_8301","Agency":"NOAA","DataLink":"https://vdatum.noaa.gov/download/data/CAsouthn00_8301.zip","DataType":"mtl","DataSource":"vdatum","LastUpdate":"20260331205909"},"geometry":{"type":"Polygon","coordinates":[[[-122.50099999999998,32.29],[-117.101,32.29],[-117.101,34.924],[-122.50099999999998,34.924],[-122.50099999999998,32.29]]]}},{"type":"Feature","properties":{"Name":"CRD.kml","ID":"CRD","Agency":"NOAA","DataLink":"https://vdatum.noaa.gov/download/data/CRD.zip","DataType":"mhw","DataSource":"vdatum","LastUpdate":"20260331205909"},"geometry":{"type":"Polygon","coordinates":[[[-180,0.0],[-180,0.0],[-180,0.0],[-180,0.0],[-180,0.0]]]}},{"type":"Feature","properties":{"Name":"CRD.kml","ID":"CRD","Agency":"NOAA","DataLink":"https://vdatum.noaa.gov/download/data/CRD.zip","DataType":"mhhw","DataSource":"vdatum","LastUpdate":"20260331205909"},"geometry":{"type":"Polygon","coordinates":[[[-180,0.0],[-180,0.0],[-180,0.0],[-180,0.0],[-180,0.0]]]}},{"type":"Feature","properties":{"Name":"CRD.kml","ID":"CRD","Agency":"NOAA","DataLink":"https://vdatum.noaa.gov/download/data/CRD.zip","DataType":"mlw","DataSource":"vdatum","LastUpdate":"20260331205909"},"geometry":{"type":"Polygon","coordinates":[[[-180,0.0],[-180,0.0],[-180,0.0],[-180,0.0],[-180,0.0]]]}},{"type":"Feature","properties":{"Name":"CRD.kml","ID":"CRD","Agency":"NOAA","DataLink":"https://vdatum.noaa.gov/download/data/CRD.zip","DataType":"mllw","DataSource":"vdatum","LastUpdate":"20260331205909"},"geometry":{"type":"Polygon","coordinates":[[[-180,0.0],[-180,0.0],[-180,0.0],[-180,0.0],[-180,0.0]]]}},{"type":"Feature","properties":{"Name":"CRD.kml","ID":"CRD","Agency":"NOAA","DataLink":"https://vdatum.noaa.gov/download/data/CRD.zip","DataType":"tss","DataSource":"vdatum","LastUpdate":"20260331205909"},"geometry":{"type":"Polygon","coordinates":[[[-180,0.0],[-180,0.0],[-180,0.0],[-180,0.0],[-180,0.0]]]}},{"type":"Feature","properties":{"Name":"CRD.kml","ID":"CRD","Agency":"NOAA","DataLink":"https://vdatum.noaa.gov/download/data/CRD.zip","DataType":"mtl","DataSource":"vdatum","LastUpdate":"20260331205909"},"geometry":{"type":"Polygon","coordinates":[[[-180,0.0],[-180,0.0],[-180,0.0],[-180,0.0],[-180,0.0]]]}},{"type":"Feature","properties":{"Name":"vdatum\\DEVA_emb11_8301\\DEVA_emb11_8301.gtx","ID":"DEVA_emb11_8301","Agency":"NOAA","DataLink":"https://vdatum.noaa.gov/download/data/DEVA_emb11_8301.zip","DataType":"mhw","DataSource":"vdatum","LastUpdate":"20260331205909"},"geometry":{"type":"Polygon","coordinates":[[[-75.95999999999998,37.11],[-75.02999999999997,37.11],[-75.02999999999997,38.71],[-75.95999999999998,38.71],[-75.95999999999998,37.11]]]}},{"type":"Feature","properties":{"Name":"vdatum\\DEVA_emb11_8301\\DEVA_emb11_8301.gtx","ID":"DEVA_emb11_8301","Agency":"NOAA","DataLink":"https://vdatum.noaa.gov/download/data/DEVA_emb11_8301.zip","DataType":"mhhw","DataSource":"vdatum","LastUpdate":"20260331205909"},"geometry":{"type":"Polygon","coordinates":[[[-75.95999999999998,37.11],[-75.02999999999997,37.11],[-75.02999999999997,38.71],[-75.95999999999998,38.71],[-75.95999999999998,37.11]]]}},{"type":"Feature","properties":{"Name":"vdatum\\DEVA_emb11_8301\\DEVA_emb11_8301.gtx","ID":"DEVA_emb11_8301","Agency":"NOAA","DataLink":"https://vdatum.noaa.gov/download/data/DEVA_emb11_8301.zip","DataType":"mlw","DataSource":"vdatum","LastUpdate":"20260331205909"},"geometry":{"type":"Polygon","coordinates":[[[-75.95999999999998,37.11],[-75.02999999999997,37.11],[-75.02999999999997,38.71],[-75.95999999999998,38.71],[-75.95999999999998,37.11]]]}},{"type":"Feature","properties":{"Name":"vdatum\\DEVA_emb11_8301\\DEVA_emb11_8301.gtx","ID":"DEVA_emb11_8301","Agency":"NOAA","DataLink":"https://vdatum.noaa.gov/download/data/DEVA_emb11_8301.zip","DataType":"mllw","DataSource":"vdatum","LastUpdate":"20260331205909"},"geometry":{"type":"Polygon","coordinates":[[[-75.95999999999998,37.11],[-75.02999999999997,37.11],[-75.02999999999997,38.71],[-75.95999999999998,38.71],[-75.95999999999998,37.11]]]}},{"type":"Feature","properties":{"Name":"vdatum\\DEVA_emb11_8301\\DEVA_emb11_8301.gtx","ID":"DEVA_emb11_8301","Agency":"NOAA","DataLink":"https://vdatum.noaa.gov/download/data/DEVA_emb11_8301.zip","DataType":"tss","DataSource":"vdatum","LastUpdate":"20260331205909"},"geometry":{"type":"Polygon","coordinates":[[[-75.95999999999998,37.11],[-75.02999999999997,37.11],[-75.02999999999997,38.71],[-75.95999999999998,38.71],[-75.95999999999998,37.11]]]}},{"type":"Feature","properties":{"Name":"vdatum\\DEVA_emb11_8301\\DEVA_emb11_8301.gtx","ID":"DEVA_emb11_8301","Agency":"NOAA","DataLink":"https://vdatum.noaa.gov/download/data/DEVA_emb11_8301.zip","DataType":"mtl","DataSource":"vdatum","LastUpdate":"20260331205909"},"geometry":{"type":"Polygon","coordinates":[[[-75.95999999999998,37.11],[-75.02999999999997,37.11],[-75.02999999999997,38.71],[-75.95999999999998,38.71],[-75.95999999999998,37.11]]]}},{"type":"Feature","properties":{"Name":"DEVAemb12_8301.gtx","ID":"DEVAemb12_8301","Agency":"NOAA","DataLink":"https://vdatum.noaa.gov/download/data/DEVAemb12_8301.zip","DataType":"mhw","DataSource":"vdatum","LastUpdate":"20260331205909"},"geometry":{"type":"Polygon","coordinates":[[[-75.95999999999998,37.11],[-75.02999999999997,37.11],[-75.02999999999997,38.71],[-75.95999999999998,38.71],[-75.95999999999998,37.11]]]}},{"type":"Feature","properties":{"Name":"DEVAemb12_8301.gtx","ID":"DEVAemb12_8301","Agency":"NOAA","DataLink":"https://vdatum.noaa.gov/download/data/DEVAemb12_8301.zip","DataType":"mhhw","DataSource":"vdatum","LastUpdate":"20260331205909"},"geometry":{"type":"Polygon","coordinates":[[[-75.95999999999998,37.11],[-75.02999999999997,37.11],[-75.02999999999997,38.71],[-75.95999999999998,38.71],[-75.95999999999998,37.11]]]}},{"type":"Feature","properties":{"Name":"DEVAemb12_8301.gtx","ID":"DEVAemb12_8301","Agency":"NOAA","DataLink":"https://vdatum.noaa.gov/download/data/DEVAemb12_8301.zip","DataType":"mlw","DataSource":"vdatum","LastUpdate":"20260331205909"},"geometry":{"type":"Polygon","coordinates":[[[-75.95999999999998,37.11],[-75.02999999999997,37.11],[-75.02999999999997,38.71],[-75.95999999999998,38.71],[-75.95999999999998,37.11]]]}},{"type":"Feature","properties":{"Name":"DEVAemb12_8301.gtx","ID":"DEVAemb12_8301","Agency":"NOAA","DataLink":"https://vdatum.noaa.gov/download/data/DEVAemb12_8301.zip","DataType":"mllw","DataSource":"vdatum","LastUpdate":"20260331205909"},"geometry":{"type":"Polygon","coordinates":[[[-75.95999999999998,37.11],[-75.02999999999997,37.11],[-75.02999999999997,38.71],[-75.95999999999998,38.71],[-75.95999999999998,37.11]]]}},{"type":"Feature","properties":{"Name":"DEVAemb12_8301.gtx","ID":"DEVAemb12_8301","Agency":"NOAA","DataLink":"https://vdatum.noaa.gov/download/data/DEVAemb12_8301.zip","DataType":"tss","DataSource":"vdatum","LastUpdate":"20260331205909"},"geometry":{"type":"Polygon","coordinates":[[[-75.95999999999998,37.11],[-75.02999999999997,37.11],[-75.02999999999997,38.71],[-75.95999999999998,38.71],[-75.95999999999998,37.11]]]}},{"type":"Feature","properties":{"Name":"DEVAemb12_8301.gtx","ID":"DEVAemb12_8301","Agency":"NOAA","DataLink":"https://vdatum.noaa.gov/download/data/DEVAemb12_8301.zip","DataType":"mtl","DataSource":"vdatum","LastUpdate":"20260331205909"},"geometry":{"type":"Polygon","coordinates":[[[-75.95999999999998,37.11],[-75.02999999999997,37.11],[-75.02999999999997,38.71],[-75.95999999999998,38.71],[-75.95999999999998,37.11]]]}},{"type":"Feature","properties":{"Name":"DEVAemb23_8301.gtx","ID":"DEVAemb23_8301","Agency":"NOAA","DataLink":"https://vdatum.noaa.gov/download/data/DEVAemb23_8301.zip","DataType":"mhw","DataSource":"vdatum","LastUpdate":"20260331205909"},"geometry":{"type":"Polygon","coordinates":[[[-75.80200000000002,37.367],[-74.99799999999999,37.367],[-74.99799999999999,38.753],[-75.80200000000002,38.753],[-75.80200000000002,37.367]]]}},{"type":"Feature","properties":{"Name":"DEVAemb23_8301.gtx","ID":"DEVAemb23_8301","Agency":"NOAA","DataLink":"https://vdatum.noaa.gov/download/data/DEVAemb23_8301.zip","DataType":"mhhw","DataSource":"vdatum","LastUpdate":"20260331205909"},"geometry":{"type":"Polygon","coordinates":[[[-75.80200000000002,37.367],[-74.99799999999999,37.367],[-74.99799999999999,38.753],[-75.80200000000002,38.753],[-75.80200000000002,37.367]]]}},{"type":"Feature","properties":{"Name":"DEVAemb23_8301.gtx","ID":"DEVAemb23_8301","Agency":"NOAA","DataLink":"https://vdatum.noaa.gov/download/data/DEVAemb23_8301.zip","DataType":"mlw","DataSource":"vdatum","LastUpdate":"20260331205909"},"geometry":{"type":"Polygon","coordinates":[[[-75.80200000000002,37.367],[-74.99799999999999,37.367],[-74.99799999999999,38.753],[-75.80200000000002,38.753],[-75.80200000000002,37.367]]]}},{"type":"Feature","properties":{"Name":"DEVAemb23_8301.gtx","ID":"DEVAemb23_8301","Agency":"NOAA","DataLink":"https://vdatum.noaa.gov/download/data/DEVAemb23_8301.zip","DataType":"mllw","DataSource":"vdatum","LastUpdate":"20260331205909"},"geometry":{"type":"Polygon","coordinates":[[[-75.80200000000002,37.367],[-74.99799999999999,37.367],[-74.99799999999999,38.753],[-75.80200000000002,38.753],[-75.80200000000002,37.367]]]}},{"type":"Feature","properties":{"Name":"DEVAemb23_8301.gtx","ID":"DEVAemb23_8301","Agency":"NOAA","DataLink":"https://vdatum.noaa.gov/download/data/DEVAemb23_8301.zip","DataType":"tss","DataSource":"vdatum","LastUpdate":"20260331205909"},"geometry":{"type":"Polygon","coordinates":[[[-75.80200000000002,37.367],[-74.99799999999999,37.367],[-74.99799999999999,38.753],[-75.80200000000002,38.753],[-75.80200000000002,37.367]]]}},{"type":"Feature","properties":{"Name":"DEVAemb23_8301.gtx","ID":"DEVAemb23_8301","Agency":"NOAA","DataLink":"https://vdatum.noaa.gov/download/data/DEVAemb23_8301.zip","DataType":"mtl","DataSource":"vdatum","LastUpdate":"20260331205909"},"geometry":{"type":"Polygon","coordinates":[[[-75.80200000000002,37.367],[-74.99799999999999,37.367],[-74.99799999999999,38.753],[-75.80200000000002,38.753],[-75.80200000000002,37.367]]]}},{"type":"Feature","properties":{"Name":"vdatum\\DEdelbay21_8301\\DEdelbay21_8301.gtx","ID":"DEdelbay21_8301","Agency":"NOAA","DataLink":"https://vdatum.noaa.gov/download/data/DEdelbay21_8301.zip","DataType":"mhw","DataSource":"vdatum","LastUpdate":"20260331205909"},"geometry":{"type":"Polygon","coordinates":[[[-75.77999999999997,38.5],[-74.51999999999998,38.5],[-74.51999999999998,40.25],[-75.77999999999997,40.25],[-75.77999999999997,38.5]]]}},{"type":"Feature","properties":{"Name":"vdatum\\DEdelbay21_8301\\DEdelbay21_8301.gtx","ID":"DEdelbay21_8301","Agency":"NOAA","DataLink":"https://vdatum.noaa.gov/download/data/DEdelbay21_8301.zip","DataType":"mhhw","DataSource":"vdatum","LastUpdate":"20260331205909"},"geometry":{"type":"Polygon","coordinates":[[[-75.77999999999997,38.5],[-74.51999999999998,38.5],[-74.51999999999998,40.25],[-75.77999999999997,40.25],[-75.77999999999997,38.5]]]}},{"type":"Feature","properties":{"Name":"vdatum\\DEdelbay21_8301\\DEdelbay21_8301.gtx","ID":"DEdelbay21_8301","Agency":"NOAA","DataLink":"https://vdatum.noaa.gov/download/data/DEdelbay21_8301.zip","DataType":"mlw","DataSource":"vdatum","LastUpdate":"20260331205909"},"geometry":{"type":"Polygon","coordinates":[[[-75.77999999999997,38.5],[-74.51999999999998,38.5],[-74.51999999999998,40.25],[-75.77999999999997,40.25],[-75.77999999999997,38.5]]]}},{"type":"Feature","properties":{"Name":"vdatum\\DEdelbay21_8301\\DEdelbay21_8301.gtx","ID":"DEdelbay21_8301","Agency":"NOAA","DataLink":"https://vdatum.noaa.gov/download/data/DEdelbay21_8301.zip","DataType":"mllw","DataSource":"vdatum","LastUpdate":"20260331205909"},"geometry":{"type":"Polygon","coordinates":[[[-75.77999999999997,38.5],[-74.51999999999998,38.5],[-74.51999999999998,40.25],[-75.77999999999997,40.25],[-75.77999999999997,38.5]]]}},{"type":"Feature","properties":{"Name":"vdatum\\DEdelbay21_8301\\DEdelbay21_8301.gtx","ID":"DEdelbay21_8301","Agency":"NOAA","DataLink":"https://vdatum.noaa.gov/download/data/DEdelbay21_8301.zip","DataType":"tss","DataSource":"vdatum","LastUpdate":"20260331205909"},"geometry":{"type":"Polygon","coordinates":[[[-75.77999999999997,38.5],[-74.51999999999998,38.5],[-74.51999999999998,40.25],[-75.77999999999997,40.25],[-75.77999999999997,38.5]]]}},{"type":"Feature","properties":{"Name":"vdatum\\DEdelbay21_8301\\DEdelbay21_8301.gtx","ID":"DEdelbay21_8301","Agency":"NOAA","DataLink":"https://vdatum.noaa.gov/download/data/DEdelbay21_8301.zip","DataType":"mtl","DataSource":"vdatum","LastUpdate":"20260331205909"},"geometry":{"type":"Polygon","coordinates":[[[-75.77999999999997,38.5],[-74.51999999999998,38.5],[-74.51999999999998,40.25],[-75.77999999999997,40.25],[-75.77999999999997,38.5]]]}},{"type":"Feature","properties":{"Name":"DEdelbay22_8301.gtx","ID":"DEdelbay22_8301","Agency":"NOAA","DataLink":"https://vdatum.noaa.gov/download/data/DEdelbay22_8301.zip","DataType":"mhw","DataSource":"vdatum","LastUpdate":"20260331205909"},"geometry":{"type":"Polygon","coordinates":[[[-75.77999999999997,38.5],[-74.51999999999998,38.5],[-74.51999999999998,40.25],[-75.77999999999997,40.25],[-75.77999999999997,38.5]]]}},{"type":"Feature","properties":{"Name":"DEdelbay22_8301.gtx","ID":"DEdelbay22_8301","Agency":"NOAA","DataLink":"https://vdatum.noaa.gov/download/data/DEdelbay22_8301.zip","DataType":"mhhw","DataSource":"vdatum","LastUpdate":"20260331205909"},"geometry":{"type":"Polygon","coordinates":[[[-75.77999999999997,38.5],[-74.51999999999998,38.5],[-74.51999999999998,40.25],[-75.77999999999997,40.25],[-75.77999999999997,38.5]]]}},{"type":"Feature","properties":{"Name":"DEdelbay22_8301.gtx","ID":"DEdelbay22_8301","Agency":"NOAA","DataLink":"https://vdatum.noaa.gov/download/data/DEdelbay22_8301.zip","DataType":"mlw","DataSource":"vdatum","LastUpdate":"20260331205909"},"geometry":{"type":"Polygon","coordinates":[[[-75.77999999999997,38.5],[-74.51999999999998,38.5],[-74.51999999999998,40.25],[-75.77999999999997,40.25],[-75.77999999999997,38.5]]]}},{"type":"Feature","properties":{"Name":"DEdelbay22_8301.gtx","ID":"DEdelbay22_8301","Agency":"NOAA","DataLink":"https://vdatum.noaa.gov/download/data/DEdelbay22_8301.zip","DataType":"mllw","DataSource":"vdatum","LastUpdate":"20260331205909"},"geometry":{"type":"Polygon","coordinates":[[[-75.77999999999997,38.5],[-74.51999999999998,38.5],[-74.51999999999998,40.25],[-75.77999999999997,40.25],[-75.77999999999997,38.5]]]}},{"type":"Feature","properties":{"Name":"DEdelbay22_8301.gtx","ID":"DEdelbay22_8301","Agency":"NOAA","DataLink":"https://vdatum.noaa.gov/download/data/DEdelbay22_8301.zip","DataType":"tss","DataSource":"vdatum","LastUpdate":"20260331205909"},"geometry":{"type":"Polygon","coordinates":[[[-75.77999999999997,38.5],[-74.51999999999998,38.5],[-74.51999999999998,40.25],[-75.77999999999997,40.25],[-75.77999999999997,38.5]]]}},{"type":"Feature","properties":{"Name":"DEdelbay22_8301.gtx","ID":"DEdelbay22_8301","Agency":"NOAA","DataLink":"https://vdatum.noaa.gov/download/data/DEdelbay22_8301.zip","DataType":"mtl","DataSource":"vdatum","LastUpdate":"20260331205909"},"geometry":{"type":"Polygon","coordinates":[[[-75.77999999999997,38.5],[-74.51999999999998,38.5],[-74.51999999999998,40.25],[-75.77999999999997,40.25],[-75.77999999999997,38.5]]]}},{"type":"Feature","properties":{"Name":"DEdelbay33_8301.gtx","ID":"DEdelbay33_8301","Agency":"NOAA","DataLink":"https://vdatum.noaa.gov/download/data/DEdelbay33_8301.zip","DataType":"mhw","DataSource":"vdatum","LastUpdate":"20260331205909"},"geometry":{"type":"Polygon","coordinates":[[[-75.632,38.748],[-74.69600000000003,38.748],[-74.69600000000003,40.254],[-75.632,40.254],[-75.632,38.748]]]}},{"type":"Feature","properties":{"Name":"DEdelbay33_8301.gtx","ID":"DEdelbay33_8301","Agency":"NOAA","DataLink":"https://vdatum.noaa.gov/download/data/DEdelbay33_8301.zip","DataType":"mhhw","DataSource":"vdatum","LastUpdate":"20260331205909"},"geometry":{"type":"Polygon","coordinates":[[[-75.632,38.748],[-74.69600000000003,38.748],[-74.69600000000003,40.254],[-75.632,40.254],[-75.632,38.748]]]}},{"type":"Feature","properties":{"Name":"DEdelbay33_8301.gtx","ID":"DEdelbay33_8301","Agency":"NOAA","DataLink":"https://vdatum.noaa.gov/download/data/DEdelbay33_8301.zip","DataType":"mlw","DataSource":"vdatum","LastUpdate":"20260331205909"},"geometry":{"type":"Polygon","coordinates":[[[-75.632,38.748],[-74.69600000000003,38.748],[-74.69600000000003,40.254],[-75.632,40.254],[-75.632,38.748]]]}},{"type":"Feature","properties":{"Name":"DEdelbay33_8301.gtx","ID":"DEdelbay33_8301","Agency":"NOAA","DataLink":"https://vdatum.noaa.gov/download/data/DEdelbay33_8301.zip","DataType":"mllw","DataSource":"vdatum","LastUpdate":"20260331205909"},"geometry":{"type":"Polygon","coordinates":[[[-75.632,38.748],[-74.69600000000003,38.748],[-74.69600000000003,40.254],[-75.632,40.254],[-75.632,38.748]]]}},{"type":"Feature","properties":{"Name":"DEdelbay33_8301.gtx","ID":"DEdelbay33_8301","Agency":"NOAA","DataLink":"https://vdatum.noaa.gov/download/data/DEdelbay33_8301.zip","DataType":"tss","DataSource":"vdatum","LastUpdate":"20260331205909"},"geometry":{"type":"Polygon","coordinates":[[[-75.632,38.748],[-74.69600000000003,38.748],[-74.69600000000003,40.254],[-75.632,40.254],[-75.632,38.748]]]}},{"type":"Feature","properties":{"Name":"DEdelbay33_8301.gtx","ID":"DEdelbay33_8301","Agency":"NOAA","DataLink":"https://vdatum.noaa.gov/download/data/DEdelbay33_8301.zip","DataType":"mtl","DataSource":"vdatum","LastUpdate":"20260331205909"},"geometry":{"type":"Polygon","coordinates":[[[-75.632,38.748],[-74.69600000000003,38.748],[-74.69600000000003,40.254],[-75.632,40.254],[-75.632,38.748]]]}},{"type":"Feature","properties":{"Name":"vdatum\\FLGAeastbays20_8301\\FLGAeastbays20_8301.gtx","ID":"FLGAeastbays20_8301","Agency":"NOAA","DataLink":"https://vdatum.noaa.gov/download/data/FLGAeastbays20_8301.zip","DataType":"mhw","DataSource":"vdatum","LastUpdate":"20260331205909"},"geometry":{"type":"Polygon","coordinates":[[[-81.86200000000002,26.169],[-80.02199999999999,26.169],[-80.02199999999999,31.45],[-81.86200000000002,31.45],[-81.86200000000002,26.169]]]}},{"type":"Feature","properties":{"Name":"vdatum\\FLGAeastbays20_8301\\FLGAeastbays20_8301.gtx","ID":"FLGAeastbays20_8301","Agency":"NOAA","DataLink":"https://vdatum.noaa.gov/download/data/FLGAeastbays20_8301.zip","DataType":"mhhw","DataSource":"vdatum","LastUpdate":"20260331205909"},"geometry":{"type":"Polygon","coordinates":[[[-81.86200000000002,26.169],[-80.02199999999999,26.169],[-80.02199999999999,31.45],[-81.86200000000002,31.45],[-81.86200000000002,26.169]]]}},{"type":"Feature","properties":{"Name":"vdatum\\FLGAeastbays20_8301\\FLGAeastbays20_8301.gtx","ID":"FLGAeastbays20_8301","Agency":"NOAA","DataLink":"https://vdatum.noaa.gov/download/data/FLGAeastbays20_8301.zip","DataType":"mlw","DataSource":"vdatum","LastUpdate":"20260331205909"},"geometry":{"type":"Polygon","coordinates":[[[-81.86200000000002,26.169],[-80.02199999999999,26.169],[-80.02199999999999,31.45],[-81.86200000000002,31.45],[-81.86200000000002,26.169]]]}},{"type":"Feature","properties":{"Name":"vdatum\\FLGAeastbays20_8301\\FLGAeastbays20_8301.gtx","ID":"FLGAeastbays20_8301","Agency":"NOAA","DataLink":"https://vdatum.noaa.gov/download/data/FLGAeastbays20_8301.zip","DataType":"mllw","DataSource":"vdatum","LastUpdate":"20260331205909"},"geometry":{"type":"Polygon","coordinates":[[[-81.86200000000002,26.169],[-80.02199999999999,26.169],[-80.02199999999999,31.45],[-81.86200000000002,31.45],[-81.86200000000002,26.169]]]}},{"type":"Feature","properties":{"Name":"vdatum\\FLGAeastbays20_8301\\FLGAeastbays20_8301.gtx","ID":"FLGAeastbays20_8301","Agency":"NOAA","DataLink":"https://vdatum.noaa.gov/download/data/FLGAeastbays20_8301.zip","DataType":"tss","DataSource":"vdatum","LastUpdate":"20260331205909"},"geometry":{"type":"Polygon","coordinates":[[[-81.86200000000002,26.169],[-80.02199999999999,26.169],[-80.02199999999999,31.45],[-81.86200000000002,31.45],[-81.86200000000002,26.169]]]}},{"type":"Feature","properties":{"Name":"vdatum\\FLGAeastbays20_8301\\FLGAeastbays20_8301.gtx","ID":"FLGAeastbays20_8301","Agency":"NOAA","DataLink":"https://vdatum.noaa.gov/download/data/FLGAeastbays20_8301.zip","DataType":"mtl","DataSource":"vdatum","LastUpdate":"20260331205909"},"geometry":{"type":"Polygon","coordinates":[[[-81.86200000000002,26.169],[-80.02199999999999,26.169],[-80.02199999999999,31.45],[-81.86200000000002,31.45],[-81.86200000000002,26.169]]]}},{"type":"Feature","properties":{"Name":"FLGAeastbays31_8301.gtx","ID":"FLGAeastbays31_8301","Agency":"NOAA","DataLink":"https://vdatum.noaa.gov/download/data/FLGAeastbays31_8301.zip","DataType":"mhw","DataSource":"vdatum","LastUpdate":"20260331205909"},"geometry":{"type":"Polygon","coordinates":[[[-81.86200000000002,26.169],[-80.02199999999999,26.169],[-80.02199999999999,31.45],[-81.86200000000002,31.45],[-81.86200000000002,26.169]]]}},{"type":"Feature","properties":{"Name":"FLGAeastbays31_8301.gtx","ID":"FLGAeastbays31_8301","Agency":"NOAA","DataLink":"https://vdatum.noaa.gov/download/data/FLGAeastbays31_8301.zip","DataType":"mhhw","DataSource":"vdatum","LastUpdate":"20260331205909"},"geometry":{"type":"Polygon","coordinates":[[[-81.86200000000002,26.169],[-80.02199999999999,26.169],[-80.02199999999999,31.45],[-81.86200000000002,31.45],[-81.86200000000002,26.169]]]}},{"type":"Feature","properties":{"Name":"FLGAeastbays31_8301.gtx","ID":"FLGAeastbays31_8301","Agency":"NOAA","DataLink":"https://vdatum.noaa.gov/download/data/FLGAeastbays31_8301.zip","DataType":"mlw","DataSource":"vdatum","LastUpdate":"20260331205909"},"geometry":{"type":"Polygon","coordinates":[[[-81.86200000000002,26.169],[-80.02199999999999,26.169],[-80.02199999999999,31.45],[-81.86200000000002,31.45],[-81.86200000000002,26.169]]]}},{"type":"Feature","properties":{"Name":"FLGAeastbays31_8301.gtx","ID":"FLGAeastbays31_8301","Agency":"NOAA","DataLink":"https://vdatum.noaa.gov/download/data/FLGAeastbays31_8301.zip","DataType":"mllw","DataSource":"vdatum","LastUpdate":"20260331205909"},"geometry":{"type":"Polygon","coordinates":[[[-81.86200000000002,26.169],[-80.02199999999999,26.169],[-80.02199999999999,31.45],[-81.86200000000002,31.45],[-81.86200000000002,26.169]]]}},{"type":"Feature","properties":{"Name":"FLGAeastbays31_8301.gtx","ID":"FLGAeastbays31_8301","Agency":"NOAA","DataLink":"https://vdatum.noaa.gov/download/data/FLGAeastbays31_8301.zip","DataType":"tss","DataSource":"vdatum","LastUpdate":"20260331205909"},"geometry":{"type":"Polygon","coordinates":[[[-81.86200000000002,26.169],[-80.02199999999999,26.169],[-80.02199999999999,31.45],[-81.86200000000002,31.45],[-81.86200000000002,26.169]]]}},{"type":"Feature","properties":{"Name":"FLGAeastbays31_8301.gtx","ID":"FLGAeastbays31_8301","Agency":"NOAA","DataLink":"https://vdatum.noaa.gov/download/data/FLGAeastbays31_8301.zip","DataType":"mtl","DataSource":"vdatum","LastUpdate":"20260331205909"},"geometry":{"type":"Polygon","coordinates":[[[-81.86200000000002,26.169],[-80.02199999999999,26.169],[-80.02199999999999,31.45],[-81.86200000000002,31.45],[-81.86200000000002,26.169]]]}},{"type":"Feature","properties":{"Name":"vdatum\\FLGAeastshelf30_8301\\FLGAeastshelf30_8301.gtx","ID":"FLGAeastshelf30_8301","Agency":"NOAA","DataLink":"https://vdatum.noaa.gov/download/data/FLGAeastshelf30_8301.zip","DataType":"mhw","DataSource":"vdatum","LastUpdate":"20260331205909"},"geometry":{"type":"Polygon","coordinates":[[[-81.46800000000002,26.169],[-78.97899999999998,26.169],[-78.97899999999998,31.446],[-81.46800000000002,31.446],[-81.46800000000002,26.169]]]}},{"type":"Feature","properties":{"Name":"vdatum\\FLGAeastshelf30_8301\\FLGAeastshelf30_8301.gtx","ID":"FLGAeastshelf30_8301","Agency":"NOAA","DataLink":"https://vdatum.noaa.gov/download/data/FLGAeastshelf30_8301.zip","DataType":"mhhw","DataSource":"vdatum","LastUpdate":"20260331205909"},"geometry":{"type":"Polygon","coordinates":[[[-81.46800000000002,26.169],[-78.97899999999998,26.169],[-78.97899999999998,31.446],[-81.46800000000002,31.446],[-81.46800000000002,26.169]]]}},{"type":"Feature","properties":{"Name":"vdatum\\FLGAeastshelf30_8301\\FLGAeastshelf30_8301.gtx","ID":"FLGAeastshelf30_8301","Agency":"NOAA","DataLink":"https://vdatum.noaa.gov/download/data/FLGAeastshelf30_8301.zip","DataType":"mlw","DataSource":"vdatum","LastUpdate":"20260331205909"},"geometry":{"type":"Polygon","coordinates":[[[-81.46800000000002,26.169],[-78.97899999999998,26.169],[-78.97899999999998,31.446],[-81.46800000000002,31.446],[-81.46800000000002,26.169]]]}},{"type":"Feature","properties":{"Name":"vdatum\\FLGAeastshelf30_8301\\FLGAeastshelf30_8301.gtx","ID":"FLGAeastshelf30_8301","Agency":"NOAA","DataLink":"https://vdatum.noaa.gov/download/data/FLGAeastshelf30_8301.zip","DataType":"mllw","DataSource":"vdatum","LastUpdate":"20260331205909"},"geometry":{"type":"Polygon","coordinates":[[[-81.46800000000002,26.169],[-78.97899999999998,26.169],[-78.97899999999998,31.446],[-81.46800000000002,31.446],[-81.46800000000002,26.169]]]}},{"type":"Feature","properties":{"Name":"vdatum\\FLGAeastshelf30_8301\\FLGAeastshelf30_8301.gtx","ID":"FLGAeastshelf30_8301","Agency":"NOAA","DataLink":"https://vdatum.noaa.gov/download/data/FLGAeastshelf30_8301.zip","DataType":"tss","DataSource":"vdatum","LastUpdate":"20260331205909"},"geometry":{"type":"Polygon","coordinates":[[[-81.46800000000002,26.169],[-78.97899999999998,26.169],[-78.97899999999998,31.446],[-81.46800000000002,31.446],[-81.46800000000002,26.169]]]}},{"type":"Feature","properties":{"Name":"vdatum\\FLGAeastshelf30_8301\\FLGAeastshelf30_8301.gtx","ID":"FLGAeastshelf30_8301","Agency":"NOAA","DataLink":"https://vdatum.noaa.gov/download/data/FLGAeastshelf30_8301.zip","DataType":"mtl","DataSource":"vdatum","LastUpdate":"20260331205909"},"geometry":{"type":"Polygon","coordinates":[[[-81.46800000000002,26.169],[-78.97899999999998,26.169],[-78.97899999999998,31.446],[-81.46800000000002,31.446],[-81.46800000000002,26.169]]]}},{"type":"Feature","properties":{"Name":"FLGAeastshelf41_8301.gtx","ID":"FLGAeastshelf41_8301","Agency":"NOAA","DataLink":"https://vdatum.noaa.gov/download/data/FLGAeastshelf41_8301.zip","DataType":"mhw","DataSource":"vdatum","LastUpdate":"20260331205909"},"geometry":{"type":"Polygon","coordinates":[[[-81.46800000000002,26.169],[-78.97899999999998,26.169],[-78.97899999999998,31.446],[-81.46800000000002,31.446],[-81.46800000000002,26.169]]]}},{"type":"Feature","properties":{"Name":"FLGAeastshelf41_8301.gtx","ID":"FLGAeastshelf41_8301","Agency":"NOAA","DataLink":"https://vdatum.noaa.gov/download/data/FLGAeastshelf41_8301.zip","DataType":"mhhw","DataSource":"vdatum","LastUpdate":"20260331205909"},"geometry":{"type":"Polygon","coordinates":[[[-81.46800000000002,26.169],[-78.97899999999998,26.169],[-78.97899999999998,31.446],[-81.46800000000002,31.446],[-81.46800000000002,26.169]]]}},{"type":"Feature","properties":{"Name":"FLGAeastshelf41_8301.gtx","ID":"FLGAeastshelf41_8301","Agency":"NOAA","DataLink":"https://vdatum.noaa.gov/download/data/FLGAeastshelf41_8301.zip","DataType":"mlw","DataSource":"vdatum","LastUpdate":"20260331205909"},"geometry":{"type":"Polygon","coordinates":[[[-81.46800000000002,26.169],[-78.97899999999998,26.169],[-78.97899999999998,31.446],[-81.46800000000002,31.446],[-81.46800000000002,26.169]]]}},{"type":"Feature","properties":{"Name":"FLGAeastshelf41_8301.gtx","ID":"FLGAeastshelf41_8301","Agency":"NOAA","DataLink":"https://vdatum.noaa.gov/download/data/FLGAeastshelf41_8301.zip","DataType":"mllw","DataSource":"vdatum","LastUpdate":"20260331205909"},"geometry":{"type":"Polygon","coordinates":[[[-81.46800000000002,26.169],[-78.97899999999998,26.169],[-78.97899999999998,31.446],[-81.46800000000002,31.446],[-81.46800000000002,26.169]]]}},{"type":"Feature","properties":{"Name":"FLGAeastshelf41_8301.gtx","ID":"FLGAeastshelf41_8301","Agency":"NOAA","DataLink":"https://vdatum.noaa.gov/download/data/FLGAeastshelf41_8301.zip","DataType":"tss","DataSource":"vdatum","LastUpdate":"20260331205909"},"geometry":{"type":"Polygon","coordinates":[[[-81.46800000000002,26.169],[-78.97899999999998,26.169],[-78.97899999999998,31.446],[-81.46800000000002,31.446],[-81.46800000000002,26.169]]]}},{"type":"Feature","properties":{"Name":"FLGAeastshelf41_8301.gtx","ID":"FLGAeastshelf41_8301","Agency":"NOAA","DataLink":"https://vdatum.noaa.gov/download/data/FLGAeastshelf41_8301.zip","DataType":"mtl","DataSource":"vdatum","LastUpdate":"20260331205909"},"geometry":{"type":"Polygon","coordinates":[[[-81.46800000000002,26.169],[-78.97899999999998,26.169],[-78.97899999999998,31.446],[-81.46800000000002,31.446],[-81.46800000000002,26.169]]]}},{"type":"Feature","properties":{"Name":"FLandrew02_8301.gtx","ID":"FLandrew02_8301","Agency":"NOAA","DataLink":"https://vdatum.noaa.gov/download/data/FLandrew02_8301.zip","DataType":"mhw","DataSource":"vdatum","LastUpdate":"20260331205909"},"geometry":{"type":"Polygon","coordinates":[[[-85.87,29.979],[-85.38099999999997,29.979],[-85.38099999999997,30.325],[-85.87,30.325],[-85.87,29.979]]]}},{"type":"Feature","properties":{"Name":"FLandrew02_8301.gtx","ID":"FLandrew02_8301","Agency":"NOAA","DataLink":"https://vdatum.noaa.gov/download/data/FLandrew02_8301.zip","DataType":"mhhw","DataSource":"vdatum","LastUpdate":"20260331205909"},"geometry":{"type":"Polygon","coordinates":[[[-85.87,29.979],[-85.38099999999997,29.979],[-85.38099999999997,30.325],[-85.87,30.325],[-85.87,29.979]]]}},{"type":"Feature","properties":{"Name":"FLandrew02_8301.gtx","ID":"FLandrew02_8301","Agency":"NOAA","DataLink":"https://vdatum.noaa.gov/download/data/FLandrew02_8301.zip","DataType":"mlw","DataSource":"vdatum","LastUpdate":"20260331205909"},"geometry":{"type":"Polygon","coordinates":[[[-85.87,29.979],[-85.38099999999997,29.979],[-85.38099999999997,30.325],[-85.87,30.325],[-85.87,29.979]]]}},{"type":"Feature","properties":{"Name":"FLandrew02_8301.gtx","ID":"FLandrew02_8301","Agency":"NOAA","DataLink":"https://vdatum.noaa.gov/download/data/FLandrew02_8301.zip","DataType":"mllw","DataSource":"vdatum","LastUpdate":"20260331205909"},"geometry":{"type":"Polygon","coordinates":[[[-85.87,29.979],[-85.38099999999997,29.979],[-85.38099999999997,30.325],[-85.87,30.325],[-85.87,29.979]]]}},{"type":"Feature","properties":{"Name":"FLandrew02_8301.gtx","ID":"FLandrew02_8301","Agency":"NOAA","DataLink":"https://vdatum.noaa.gov/download/data/FLandrew02_8301.zip","DataType":"tss","DataSource":"vdatum","LastUpdate":"20260331205909"},"geometry":{"type":"Polygon","coordinates":[[[-85.87,29.979],[-85.38099999999997,29.979],[-85.38099999999997,30.325],[-85.87,30.325],[-85.87,29.979]]]}},{"type":"Feature","properties":{"Name":"FLandrew02_8301.gtx","ID":"FLandrew02_8301","Agency":"NOAA","DataLink":"https://vdatum.noaa.gov/download/data/FLandrew02_8301.zip","DataType":"mtl","DataSource":"vdatum","LastUpdate":"20260331205909"},"geometry":{"type":"Polygon","coordinates":[[[-85.87,29.979],[-85.38099999999997,29.979],[-85.38099999999997,30.325],[-85.87,30.325],[-85.87,29.979]]]}},{"type":"Feature","properties":{"Name":"FLapalach01_8301.gtx","ID":"FLapalach01_8301","Agency":"NOAA","DataLink":"https://vdatum.noaa.gov/download/data/FLapalach01_8301.zip","DataType":"mhw","DataSource":"vdatum","LastUpdate":"20260331205909"},"geometry":{"type":"Polygon","coordinates":[[[-86.51499999999999,28.132],[-82.4905,28.132],[-82.4905,30.202],[-86.51499999999999,30.202],[-86.51499999999999,28.132]]]}},{"type":"Feature","properties":{"Name":"FLapalach01_8301.gtx","ID":"FLapalach01_8301","Agency":"NOAA","DataLink":"https://vdatum.noaa.gov/download/data/FLapalach01_8301.zip","DataType":"mhhw","DataSource":"vdatum","LastUpdate":"20260331205909"},"geometry":{"type":"Polygon","coordinates":[[[-86.51499999999999,28.132],[-82.4905,28.132],[-82.4905,30.202],[-86.51499999999999,30.202],[-86.51499999999999,28.132]]]}},{"type":"Feature","properties":{"Name":"FLapalach01_8301.gtx","ID":"FLapalach01_8301","Agency":"NOAA","DataLink":"https://vdatum.noaa.gov/download/data/FLapalach01_8301.zip","DataType":"mlw","DataSource":"vdatum","LastUpdate":"20260331205909"},"geometry":{"type":"Polygon","coordinates":[[[-86.51499999999999,28.132],[-82.4905,28.132],[-82.4905,30.202],[-86.51499999999999,30.202],[-86.51499999999999,28.132]]]}},{"type":"Feature","properties":{"Name":"FLapalach01_8301.gtx","ID":"FLapalach01_8301","Agency":"NOAA","DataLink":"https://vdatum.noaa.gov/download/data/FLapalach01_8301.zip","DataType":"mllw","DataSource":"vdatum","LastUpdate":"20260331205909"},"geometry":{"type":"Polygon","coordinates":[[[-86.51499999999999,28.132],[-82.4905,28.132],[-82.4905,30.202],[-86.51499999999999,30.202],[-86.51499999999999,28.132]]]}},{"type":"Feature","properties":{"Name":"FLapalach01_8301.gtx","ID":"FLapalach01_8301","Agency":"NOAA","DataLink":"https://vdatum.noaa.gov/download/data/FLapalach01_8301.zip","DataType":"tss","DataSource":"vdatum","LastUpdate":"20260331205909"},"geometry":{"type":"Polygon","coordinates":[[[-86.51499999999999,28.132],[-82.4905,28.132],[-82.4905,30.202],[-86.51499999999999,30.202],[-86.51499999999999,28.132]]]}},{"type":"Feature","properties":{"Name":"FLapalach01_8301.gtx","ID":"FLapalach01_8301","Agency":"NOAA","DataLink":"https://vdatum.noaa.gov/download/data/FLapalach01_8301.zip","DataType":"mtl","DataSource":"vdatum","LastUpdate":"20260331205909"},"geometry":{"type":"Polygon","coordinates":[[[-86.51499999999999,28.132],[-82.4905,28.132],[-82.4905,30.202],[-86.51499999999999,30.202],[-86.51499999999999,28.132]]]}},{"type":"Feature","properties":{"Name":"FLjoseph03_8301.gtx","ID":"FLjoseph03_8301","Agency":"NOAA","DataLink":"https://vdatum.noaa.gov/download/data/FLjoseph03_8301.zip","DataType":"mhw","DataSource":"vdatum","LastUpdate":"20260331205909"},"geometry":{"type":"Polygon","coordinates":[[[-85.41899999999998,29.672],[-85.30000000000001,29.672],[-85.30000000000001,29.916],[-85.41899999999998,29.916],[-85.41899999999998,29.672]]]}},{"type":"Feature","properties":{"Name":"FLjoseph03_8301.gtx","ID":"FLjoseph03_8301","Agency":"NOAA","DataLink":"https://vdatum.noaa.gov/download/data/FLjoseph03_8301.zip","DataType":"mhhw","DataSource":"vdatum","LastUpdate":"20260331205909"},"geometry":{"type":"Polygon","coordinates":[[[-85.41899999999998,29.672],[-85.30000000000001,29.672],[-85.30000000000001,29.916],[-85.41899999999998,29.916],[-85.41899999999998,29.672]]]}},{"type":"Feature","properties":{"Name":"FLjoseph03_8301.gtx","ID":"FLjoseph03_8301","Agency":"NOAA","DataLink":"https://vdatum.noaa.gov/download/data/FLjoseph03_8301.zip","DataType":"mlw","DataSource":"vdatum","LastUpdate":"20260331205909"},"geometry":{"type":"Polygon","coordinates":[[[-85.41899999999998,29.672],[-85.30000000000001,29.672],[-85.30000000000001,29.916],[-85.41899999999998,29.916],[-85.41899999999998,29.672]]]}},{"type":"Feature","properties":{"Name":"FLjoseph03_8301.gtx","ID":"FLjoseph03_8301","Agency":"NOAA","DataLink":"https://vdatum.noaa.gov/download/data/FLjoseph03_8301.zip","DataType":"mllw","DataSource":"vdatum","LastUpdate":"20260331205909"},"geometry":{"type":"Polygon","coordinates":[[[-85.41899999999998,29.672],[-85.30000000000001,29.672],[-85.30000000000001,29.916],[-85.41899999999998,29.916],[-85.41899999999998,29.672]]]}},{"type":"Feature","properties":{"Name":"FLjoseph03_8301.gtx","ID":"FLjoseph03_8301","Agency":"NOAA","DataLink":"https://vdatum.noaa.gov/download/data/FLjoseph03_8301.zip","DataType":"tss","DataSource":"vdatum","LastUpdate":"20260331205909"},"geometry":{"type":"Polygon","coordinates":[[[-85.41899999999998,29.672],[-85.30000000000001,29.672],[-85.30000000000001,29.916],[-85.41899999999998,29.916],[-85.41899999999998,29.672]]]}},{"type":"Feature","properties":{"Name":"FLjoseph03_8301.gtx","ID":"FLjoseph03_8301","Agency":"NOAA","DataLink":"https://vdatum.noaa.gov/download/data/FLjoseph03_8301.zip","DataType":"mtl","DataSource":"vdatum","LastUpdate":"20260331205909"},"geometry":{"type":"Polygon","coordinates":[[[-85.41899999999998,29.672],[-85.30000000000001,29.672],[-85.30000000000001,29.916],[-85.41899999999998,29.916],[-85.41899999999998,29.672]]]}},{"type":"Feature","properties":{"Name":"FLpensac02_8301.gtx","ID":"FLpensac02_8301","Agency":"NOAA","DataLink":"https://vdatum.noaa.gov/download/data/FLpensac02_8301.zip","DataType":"mhw","DataSource":"vdatum","LastUpdate":"20260331205909"},"geometry":{"type":"Polygon","coordinates":[[[-87.70100000000002,30.191],[-85.851,30.191],[-85.851,30.665],[-87.70100000000002,30.665],[-87.70100000000002,30.191]]]}},{"type":"Feature","properties":{"Name":"FLpensac02_8301.gtx","ID":"FLpensac02_8301","Agency":"NOAA","DataLink":"https://vdatum.noaa.gov/download/data/FLpensac02_8301.zip","DataType":"mhhw","DataSource":"vdatum","LastUpdate":"20260331205909"},"geometry":{"type":"Polygon","coordinates":[[[-87.70100000000002,30.191],[-85.851,30.191],[-85.851,30.665],[-87.70100000000002,30.665],[-87.70100000000002,30.191]]]}},{"type":"Feature","properties":{"Name":"FLpensac02_8301.gtx","ID":"FLpensac02_8301","Agency":"NOAA","DataLink":"https://vdatum.noaa.gov/download/data/FLpensac02_8301.zip","DataType":"mlw","DataSource":"vdatum","LastUpdate":"20260331205909"},"geometry":{"type":"Polygon","coordinates":[[[-87.70100000000002,30.191],[-85.851,30.191],[-85.851,30.665],[-87.70100000000002,30.665],[-87.70100000000002,30.191]]]}},{"type":"Feature","properties":{"Name":"FLpensac02_8301.gtx","ID":"FLpensac02_8301","Agency":"NOAA","DataLink":"https://vdatum.noaa.gov/download/data/FLpensac02_8301.zip","DataType":"mllw","DataSource":"vdatum","LastUpdate":"20260331205909"},"geometry":{"type":"Polygon","coordinates":[[[-87.70100000000002,30.191],[-85.851,30.191],[-85.851,30.665],[-87.70100000000002,30.665],[-87.70100000000002,30.191]]]}},{"type":"Feature","properties":{"Name":"FLpensac02_8301.gtx","ID":"FLpensac02_8301","Agency":"NOAA","DataLink":"https://vdatum.noaa.gov/download/data/FLpensac02_8301.zip","DataType":"tss","DataSource":"vdatum","LastUpdate":"20260331205909"},"geometry":{"type":"Polygon","coordinates":[[[-87.70100000000002,30.191],[-85.851,30.191],[-85.851,30.665],[-87.70100000000002,30.665],[-87.70100000000002,30.191]]]}},{"type":"Feature","properties":{"Name":"FLpensac02_8301.gtx","ID":"FLpensac02_8301","Agency":"NOAA","DataLink":"https://vdatum.noaa.gov/download/data/FLpensac02_8301.zip","DataType":"mtl","DataSource":"vdatum","LastUpdate":"20260331205909"},"geometry":{"type":"Polygon","coordinates":[[[-87.70100000000002,30.191],[-85.851,30.191],[-85.851,30.665],[-87.70100000000002,30.665],[-87.70100000000002,30.191]]]}},{"type":"Feature","properties":{"Name":"FLsoicw01_8301.gtx","ID":"FLsoicw01_8301","Agency":"NOAA","DataLink":"https://vdatum.noaa.gov/download/data/FLsoicw01_8301.zip","DataType":"mhw","DataSource":"vdatum","LastUpdate":"20260331205909"},"geometry":{"type":"Polygon","coordinates":[[[-80.14850000000001,25.9095],[-80.0985,25.9095],[-80.0985,26.173],[-80.14850000000001,26.173],[-80.14850000000001,25.9095]]]}},{"type":"Feature","properties":{"Name":"FLsoicw01_8301.gtx","ID":"FLsoicw01_8301","Agency":"NOAA","DataLink":"https://vdatum.noaa.gov/download/data/FLsoicw01_8301.zip","DataType":"mhhw","DataSource":"vdatum","LastUpdate":"20260331205909"},"geometry":{"type":"Polygon","coordinates":[[[-80.14850000000001,25.9095],[-80.0985,25.9095],[-80.0985,26.173],[-80.14850000000001,26.173],[-80.14850000000001,25.9095]]]}},{"type":"Feature","properties":{"Name":"FLsoicw01_8301.gtx","ID":"FLsoicw01_8301","Agency":"NOAA","DataLink":"https://vdatum.noaa.gov/download/data/FLsoicw01_8301.zip","DataType":"mlw","DataSource":"vdatum","LastUpdate":"20260331205909"},"geometry":{"type":"Polygon","coordinates":[[[-80.14850000000001,25.9095],[-80.0985,25.9095],[-80.0985,26.173],[-80.14850000000001,26.173],[-80.14850000000001,25.9095]]]}},{"type":"Feature","properties":{"Name":"FLsoicw01_8301.gtx","ID":"FLsoicw01_8301","Agency":"NOAA","DataLink":"https://vdatum.noaa.gov/download/data/FLsoicw01_8301.zip","DataType":"mllw","DataSource":"vdatum","LastUpdate":"20260331205909"},"geometry":{"type":"Polygon","coordinates":[[[-80.14850000000001,25.9095],[-80.0985,25.9095],[-80.0985,26.173],[-80.14850000000001,26.173],[-80.14850000000001,25.9095]]]}},{"type":"Feature","properties":{"Name":"FLsoicw01_8301.gtx","ID":"FLsoicw01_8301","Agency":"NOAA","DataLink":"https://vdatum.noaa.gov/download/data/FLsoicw01_8301.zip","DataType":"tss","DataSource":"vdatum","LastUpdate":"20260331205909"},"geometry":{"type":"Polygon","coordinates":[[[-80.14850000000001,25.9095],[-80.0985,25.9095],[-80.0985,26.173],[-80.14850000000001,26.173],[-80.14850000000001,25.9095]]]}},{"type":"Feature","properties":{"Name":"FLsoicw01_8301.gtx","ID":"FLsoicw01_8301","Agency":"NOAA","DataLink":"https://vdatum.noaa.gov/download/data/FLsoicw01_8301.zip","DataType":"mtl","DataSource":"vdatum","LastUpdate":"20260331205909"},"geometry":{"type":"Polygon","coordinates":[[[-80.14850000000001,25.9095],[-80.0985,25.9095],[-80.0985,26.173],[-80.14850000000001,26.173],[-80.14850000000001,25.9095]]]}},{"type":"Feature","properties":{"Name":"FLsouth01_8301.gtx","ID":"FLsouth01_8301","Agency":"NOAA","DataLink":"https://vdatum.noaa.gov/download/data/FLsouth01_8301.zip","DataType":"mhw","DataSource":"vdatum","LastUpdate":"20260331205909"},"geometry":{"type":"Polygon","coordinates":[[[-83.50299999999999,23.942],[-79.38549999999998,23.942],[-79.38549999999998,26.1905],[-83.50299999999999,26.1905],[-83.50299999999999,23.942]]]}},{"type":"Feature","properties":{"Name":"FLsouth01_8301.gtx","ID":"FLsouth01_8301","Agency":"NOAA","DataLink":"https://vdatum.noaa.gov/download/data/FLsouth01_8301.zip","DataType":"mhhw","DataSource":"vdatum","LastUpdate":"20260331205909"},"geometry":{"type":"Polygon","coordinates":[[[-83.50299999999999,23.942],[-79.38549999999998,23.942],[-79.38549999999998,26.1905],[-83.50299999999999,26.1905],[-83.50299999999999,23.942]]]}},{"type":"Feature","properties":{"Name":"FLsouth01_8301.gtx","ID":"FLsouth01_8301","Agency":"NOAA","DataLink":"https://vdatum.noaa.gov/download/data/FLsouth01_8301.zip","DataType":"mlw","DataSource":"vdatum","LastUpdate":"20260331205909"},"geometry":{"type":"Polygon","coordinates":[[[-83.50299999999999,23.942],[-79.38549999999998,23.942],[-79.38549999999998,26.1905],[-83.50299999999999,26.1905],[-83.50299999999999,23.942]]]}},{"type":"Feature","properties":{"Name":"FLsouth01_8301.gtx","ID":"FLsouth01_8301","Agency":"NOAA","DataLink":"https://vdatum.noaa.gov/download/data/FLsouth01_8301.zip","DataType":"mllw","DataSource":"vdatum","LastUpdate":"20260331205909"},"geometry":{"type":"Polygon","coordinates":[[[-83.50299999999999,23.942],[-79.38549999999998,23.942],[-79.38549999999998,26.1905],[-83.50299999999999,26.1905],[-83.50299999999999,23.942]]]}},{"type":"Feature","properties":{"Name":"FLsouth01_8301.gtx","ID":"FLsouth01_8301","Agency":"NOAA","DataLink":"https://vdatum.noaa.gov/download/data/FLsouth01_8301.zip","DataType":"tss","DataSource":"vdatum","LastUpdate":"20260331205909"},"geometry":{"type":"Polygon","coordinates":[[[-83.50299999999999,23.942],[-79.38549999999998,23.942],[-79.38549999999998,26.1905],[-83.50299999999999,26.1905],[-83.50299999999999,23.942]]]}},{"type":"Feature","properties":{"Name":"FLsouth01_8301.gtx","ID":"FLsouth01_8301","Agency":"NOAA","DataLink":"https://vdatum.noaa.gov/download/data/FLsouth01_8301.zip","DataType":"mtl","DataSource":"vdatum","LastUpdate":"20260331205909"},"geometry":{"type":"Polygon","coordinates":[[[-83.50299999999999,23.942],[-79.38549999999998,23.942],[-79.38549999999998,26.1905],[-83.50299999999999,26.1905],[-83.50299999999999,23.942]]]}},{"type":"Feature","properties":{"Name":"FLsouth12_8301.gtx","ID":"FLsouth12_8301","Agency":"NOAA","DataLink":"https://vdatum.noaa.gov/download/data/FLsouth12_8301.zip","DataType":"mhw","DataSource":"vdatum","LastUpdate":"20260331205909"},"geometry":{"type":"Polygon","coordinates":[[[-83.49149999999997,23.814],[-79.58100000000002,23.814],[-79.58100000000002,26.175],[-83.49149999999997,26.175],[-83.49149999999997,23.814]]]}},{"type":"Feature","properties":{"Name":"FLsouth12_8301.gtx","ID":"FLsouth12_8301","Agency":"NOAA","DataLink":"https://vdatum.noaa.gov/download/data/FLsouth12_8301.zip","DataType":"mhhw","DataSource":"vdatum","LastUpdate":"20260331205909"},"geometry":{"type":"Polygon","coordinates":[[[-83.49149999999997,23.814],[-79.58100000000002,23.814],[-79.58100000000002,26.175],[-83.49149999999997,26.175],[-83.49149999999997,23.814]]]}},{"type":"Feature","properties":{"Name":"FLsouth12_8301.gtx","ID":"FLsouth12_8301","Agency":"NOAA","DataLink":"https://vdatum.noaa.gov/download/data/FLsouth12_8301.zip","DataType":"mlw","DataSource":"vdatum","LastUpdate":"20260331205909"},"geometry":{"type":"Polygon","coordinates":[[[-83.49149999999997,23.814],[-79.58100000000002,23.814],[-79.58100000000002,26.175],[-83.49149999999997,26.175],[-83.49149999999997,23.814]]]}},{"type":"Feature","properties":{"Name":"FLsouth12_8301.gtx","ID":"FLsouth12_8301","Agency":"NOAA","DataLink":"https://vdatum.noaa.gov/download/data/FLsouth12_8301.zip","DataType":"mllw","DataSource":"vdatum","LastUpdate":"20260331205909"},"geometry":{"type":"Polygon","coordinates":[[[-83.49149999999997,23.814],[-79.58100000000002,23.814],[-79.58100000000002,26.175],[-83.49149999999997,26.175],[-83.49149999999997,23.814]]]}},{"type":"Feature","properties":{"Name":"FLsouth12_8301.gtx","ID":"FLsouth12_8301","Agency":"NOAA","DataLink":"https://vdatum.noaa.gov/download/data/FLsouth12_8301.zip","DataType":"tss","DataSource":"vdatum","LastUpdate":"20260331205909"},"geometry":{"type":"Polygon","coordinates":[[[-83.49149999999997,23.814],[-79.58100000000002,23.814],[-79.58100000000002,26.175],[-83.49149999999997,26.175],[-83.49149999999997,23.814]]]}},{"type":"Feature","properties":{"Name":"FLsouth12_8301.gtx","ID":"FLsouth12_8301","Agency":"NOAA","DataLink":"https://vdatum.noaa.gov/download/data/FLsouth12_8301.zip","DataType":"mtl","DataSource":"vdatum","LastUpdate":"20260331205909"},"geometry":{"type":"Polygon","coordinates":[[[-83.49149999999997,23.814],[-79.58100000000002,23.814],[-79.58100000000002,26.175],[-83.49149999999997,26.175],[-83.49149999999997,23.814]]]}},{"type":"Feature","properties":{"Name":"FLwest01_8301.gtx","ID":"FLwest01_8301","Agency":"NOAA","DataLink":"https://vdatum.noaa.gov/download/data/FLwest01_8301.zip","DataType":"mhw","DataSource":"vdatum","LastUpdate":"20260331205909"},"geometry":{"type":"Polygon","coordinates":[[[-83.51299999999998,26.152],[-81.60725000000002,26.152],[-81.60725000000002,28.162],[-83.51299999999998,28.162],[-83.51299999999998,26.152]]]}},{"type":"Feature","properties":{"Name":"FLwest01_8301.gtx","ID":"FLwest01_8301","Agency":"NOAA","DataLink":"https://vdatum.noaa.gov/download/data/FLwest01_8301.zip","DataType":"mhhw","DataSource":"vdatum","LastUpdate":"20260331205909"},"geometry":{"type":"Polygon","coordinates":[[[-83.51299999999998,26.152],[-81.60725000000002,26.152],[-81.60725000000002,28.162],[-83.51299999999998,28.162],[-83.51299999999998,26.152]]]}},{"type":"Feature","properties":{"Name":"FLwest01_8301.gtx","ID":"FLwest01_8301","Agency":"NOAA","DataLink":"https://vdatum.noaa.gov/download/data/FLwest01_8301.zip","DataType":"mlw","DataSource":"vdatum","LastUpdate":"20260331205909"},"geometry":{"type":"Polygon","coordinates":[[[-83.51299999999998,26.152],[-81.60725000000002,26.152],[-81.60725000000002,28.162],[-83.51299999999998,28.162],[-83.51299999999998,26.152]]]}},{"type":"Feature","properties":{"Name":"FLwest01_8301.gtx","ID":"FLwest01_8301","Agency":"NOAA","DataLink":"https://vdatum.noaa.gov/download/data/FLwest01_8301.zip","DataType":"mllw","DataSource":"vdatum","LastUpdate":"20260331205909"},"geometry":{"type":"Polygon","coordinates":[[[-83.51299999999998,26.152],[-81.60725000000002,26.152],[-81.60725000000002,28.162],[-83.51299999999998,28.162],[-83.51299999999998,26.152]]]}},{"type":"Feature","properties":{"Name":"FLwest01_8301.gtx","ID":"FLwest01_8301","Agency":"NOAA","DataLink":"https://vdatum.noaa.gov/download/data/FLwest01_8301.zip","DataType":"tss","DataSource":"vdatum","LastUpdate":"20260331205909"},"geometry":{"type":"Polygon","coordinates":[[[-83.51299999999998,26.152],[-81.60725000000002,26.152],[-81.60725000000002,28.162],[-83.51299999999998,28.162],[-83.51299999999998,26.152]]]}},{"type":"Feature","properties":{"Name":"FLwest01_8301.gtx","ID":"FLwest01_8301","Agency":"NOAA","DataLink":"https://vdatum.noaa.gov/download/data/FLwest01_8301.zip","DataType":"mtl","DataSource":"vdatum","LastUpdate":"20260331205909"},"geometry":{"type":"Polygon","coordinates":[[[-83.51299999999998,26.152],[-81.60725000000002,26.152],[-81.60725000000002,28.162],[-83.51299999999998,28.162],[-83.51299999999998,26.152]]]}},{"type":"Feature","properties":{"Name":"vdatum\\GASCNCsab20_8301\\GASCNCsab20_8301.gtx","ID":"GASCNCsab20_8301","Agency":"NOAA","DataLink":"https://vdatum.noaa.gov/download/data/GASCNCsab20_8301.zip","DataType":"mhw","DataSource":"vdatum","LastUpdate":"20260331205909"},"geometry":{"type":"Polygon","coordinates":[[[-81.327,31.442],[-77.25799999999998,31.442],[-77.25799999999998,33.949],[-81.327,33.949],[-81.327,31.442]]]}},{"type":"Feature","properties":{"Name":"vdatum\\GASCNCsab20_8301\\GASCNCsab20_8301.gtx","ID":"GASCNCsab20_8301","Agency":"NOAA","DataLink":"https://vdatum.noaa.gov/download/data/GASCNCsab20_8301.zip","DataType":"mhhw","DataSource":"vdatum","LastUpdate":"20260331205909"},"geometry":{"type":"Polygon","coordinates":[[[-81.327,31.442],[-77.25799999999998,31.442],[-77.25799999999998,33.949],[-81.327,33.949],[-81.327,31.442]]]}},{"type":"Feature","properties":{"Name":"vdatum\\GASCNCsab20_8301\\GASCNCsab20_8301.gtx","ID":"GASCNCsab20_8301","Agency":"NOAA","DataLink":"https://vdatum.noaa.gov/download/data/GASCNCsab20_8301.zip","DataType":"mlw","DataSource":"vdatum","LastUpdate":"20260331205909"},"geometry":{"type":"Polygon","coordinates":[[[-81.327,31.442],[-77.25799999999998,31.442],[-77.25799999999998,33.949],[-81.327,33.949],[-81.327,31.442]]]}},{"type":"Feature","properties":{"Name":"vdatum\\GASCNCsab20_8301\\GASCNCsab20_8301.gtx","ID":"GASCNCsab20_8301","Agency":"NOAA","DataLink":"https://vdatum.noaa.gov/download/data/GASCNCsab20_8301.zip","DataType":"mllw","DataSource":"vdatum","LastUpdate":"20260331205909"},"geometry":{"type":"Polygon","coordinates":[[[-81.327,31.442],[-77.25799999999998,31.442],[-77.25799999999998,33.949],[-81.327,33.949],[-81.327,31.442]]]}},{"type":"Feature","properties":{"Name":"vdatum\\GASCNCsab20_8301\\GASCNCsab20_8301.gtx","ID":"GASCNCsab20_8301","Agency":"NOAA","DataLink":"https://vdatum.noaa.gov/download/data/GASCNCsab20_8301.zip","DataType":"tss","DataSource":"vdatum","LastUpdate":"20260331205909"},"geometry":{"type":"Polygon","coordinates":[[[-81.327,31.442],[-77.25799999999998,31.442],[-77.25799999999998,33.949],[-81.327,33.949],[-81.327,31.442]]]}},{"type":"Feature","properties":{"Name":"vdatum\\GASCNCsab20_8301\\GASCNCsab20_8301.gtx","ID":"GASCNCsab20_8301","Agency":"NOAA","DataLink":"https://vdatum.noaa.gov/download/data/GASCNCsab20_8301.zip","DataType":"mtl","DataSource":"vdatum","LastUpdate":"20260331205909"},"geometry":{"type":"Polygon","coordinates":[[[-81.327,31.442],[-77.25799999999998,31.442],[-77.25799999999998,33.949],[-81.327,33.949],[-81.327,31.442]]]}},{"type":"Feature","properties":{"Name":"GASCNCsab31_8301.gtx","ID":"GASCNCsab31_8301","Agency":"NOAA","DataLink":"https://vdatum.noaa.gov/download/data/GASCNCsab31_8301.zip","DataType":"mhw","DataSource":"vdatum","LastUpdate":"20260331205909"},"geometry":{"type":"Polygon","coordinates":[[[-81.327,31.442],[-77.25799999999998,31.442],[-77.25799999999998,33.949],[-81.327,33.949],[-81.327,31.442]]]}},{"type":"Feature","properties":{"Name":"GASCNCsab31_8301.gtx","ID":"GASCNCsab31_8301","Agency":"NOAA","DataLink":"https://vdatum.noaa.gov/download/data/GASCNCsab31_8301.zip","DataType":"mhhw","DataSource":"vdatum","LastUpdate":"20260331205909"},"geometry":{"type":"Polygon","coordinates":[[[-81.327,31.442],[-77.25799999999998,31.442],[-77.25799999999998,33.949],[-81.327,33.949],[-81.327,31.442]]]}},{"type":"Feature","properties":{"Name":"GASCNCsab31_8301.gtx","ID":"GASCNCsab31_8301","Agency":"NOAA","DataLink":"https://vdatum.noaa.gov/download/data/GASCNCsab31_8301.zip","DataType":"mlw","DataSource":"vdatum","LastUpdate":"20260331205909"},"geometry":{"type":"Polygon","coordinates":[[[-81.327,31.442],[-77.25799999999998,31.442],[-77.25799999999998,33.949],[-81.327,33.949],[-81.327,31.442]]]}},{"type":"Feature","properties":{"Name":"GASCNCsab31_8301.gtx","ID":"GASCNCsab31_8301","Agency":"NOAA","DataLink":"https://vdatum.noaa.gov/download/data/GASCNCsab31_8301.zip","DataType":"mllw","DataSource":"vdatum","LastUpdate":"20260331205909"},"geometry":{"type":"Polygon","coordinates":[[[-81.327,31.442],[-77.25799999999998,31.442],[-77.25799999999998,33.949],[-81.327,33.949],[-81.327,31.442]]]}},{"type":"Feature","properties":{"Name":"GASCNCsab31_8301.gtx","ID":"GASCNCsab31_8301","Agency":"NOAA","DataLink":"https://vdatum.noaa.gov/download/data/GASCNCsab31_8301.zip","DataType":"tss","DataSource":"vdatum","LastUpdate":"20260331205909"},"geometry":{"type":"Polygon","coordinates":[[[-81.327,31.442],[-77.25799999999998,31.442],[-77.25799999999998,33.949],[-81.327,33.949],[-81.327,31.442]]]}},{"type":"Feature","properties":{"Name":"GASCNCsab31_8301.gtx","ID":"GASCNCsab31_8301","Agency":"NOAA","DataLink":"https://vdatum.noaa.gov/download/data/GASCNCsab31_8301.zip","DataType":"mtl","DataSource":"vdatum","LastUpdate":"20260331205909"},"geometry":{"type":"Polygon","coordinates":[[[-81.327,31.442],[-77.25799999999998,31.442],[-77.25799999999998,33.949],[-81.327,33.949],[-81.327,31.442]]]}},{"type":"Feature","properties":{"Name":"IGLD85.inf","ID":"IGLD85","Agency":"NOAA","DataLink":"https://vdatum.noaa.gov/download/data/IGLD85.zip","DataType":"mhw","DataSource":"vdatum","LastUpdate":"20260331205909"},"geometry":{"type":"Polygon","coordinates":[[[-88.25,41.5],[-79.5,41.5],[-79.5,46.75],[-88.25,46.75],[-88.25,41.5]]]}},{"type":"Feature","properties":{"Name":"IGLD85.inf","ID":"IGLD85","Agency":"NOAA","DataLink":"https://vdatum.noaa.gov/download/data/IGLD85.zip","DataType":"mhhw","DataSource":"vdatum","LastUpdate":"20260331205909"},"geometry":{"type":"Polygon","coordinates":[[[-88.25,41.5],[-79.5,41.5],[-79.5,46.75],[-88.25,46.75],[-88.25,41.5]]]}},{"type":"Feature","properties":{"Name":"IGLD85.inf","ID":"IGLD85","Agency":"NOAA","DataLink":"https://vdatum.noaa.gov/download/data/IGLD85.zip","DataType":"mlw","DataSource":"vdatum","LastUpdate":"20260331205909"},"geometry":{"type":"Polygon","coordinates":[[[-88.25,41.5],[-79.5,41.5],[-79.5,46.75],[-88.25,46.75],[-88.25,41.5]]]}},{"type":"Feature","properties":{"Name":"IGLD85.inf","ID":"IGLD85","Agency":"NOAA","DataLink":"https://vdatum.noaa.gov/download/data/IGLD85.zip","DataType":"mllw","DataSource":"vdatum","LastUpdate":"20260331205909"},"geometry":{"type":"Polygon","coordinates":[[[-88.25,41.5],[-79.5,41.5],[-79.5,46.75],[-88.25,46.75],[-88.25,41.5]]]}},{"type":"Feature","properties":{"Name":"IGLD85.inf","ID":"IGLD85","Agency":"NOAA","DataLink":"https://vdatum.noaa.gov/download/data/IGLD85.zip","DataType":"tss","DataSource":"vdatum","LastUpdate":"20260331205909"},"geometry":{"type":"Polygon","coordinates":[[[-88.25,41.5],[-79.5,41.5],[-79.5,46.75],[-88.25,46.75],[-88.25,41.5]]]}},{"type":"Feature","properties":{"Name":"IGLD85.inf","ID":"IGLD85","Agency":"NOAA","DataLink":"https://vdatum.noaa.gov/download/data/IGLD85.zip","DataType":"mtl","DataSource":"vdatum","LastUpdate":"20260331205909"},"geometry":{"type":"Polygon","coordinates":[[[-88.25,41.5],[-79.5,41.5],[-79.5,46.75],[-88.25,46.75],[-88.25,41.5]]]}},{"type":"Feature","properties":{"Name":"LATXintra00_8301.gtx","ID":"LATXintra00_8301","Agency":"NOAA","DataLink":"https://vdatum.noaa.gov/download/data/LATXintra00_8301.zip","DataType":"mhw","DataSource":"vdatum","LastUpdate":"20260331205909"},"geometry":{"type":"Polygon","coordinates":[[[-94.44,29.538],[-92.36000000000001,29.538],[-92.36000000000001,30.2732],[-94.44,30.2732],[-94.44,29.538]]]}},{"type":"Feature","properties":{"Name":"LATXintra00_8301.gtx","ID":"LATXintra00_8301","Agency":"NOAA","DataLink":"https://vdatum.noaa.gov/download/data/LATXintra00_8301.zip","DataType":"mhhw","DataSource":"vdatum","LastUpdate":"20260331205909"},"geometry":{"type":"Polygon","coordinates":[[[-94.44,29.538],[-92.36000000000001,29.538],[-92.36000000000001,30.2732],[-94.44,30.2732],[-94.44,29.538]]]}},{"type":"Feature","properties":{"Name":"LATXintra00_8301.gtx","ID":"LATXintra00_8301","Agency":"NOAA","DataLink":"https://vdatum.noaa.gov/download/data/LATXintra00_8301.zip","DataType":"mlw","DataSource":"vdatum","LastUpdate":"20260331205909"},"geometry":{"type":"Polygon","coordinates":[[[-94.44,29.538],[-92.36000000000001,29.538],[-92.36000000000001,30.2732],[-94.44,30.2732],[-94.44,29.538]]]}},{"type":"Feature","properties":{"Name":"LATXintra00_8301.gtx","ID":"LATXintra00_8301","Agency":"NOAA","DataLink":"https://vdatum.noaa.gov/download/data/LATXintra00_8301.zip","DataType":"mllw","DataSource":"vdatum","LastUpdate":"20260331205909"},"geometry":{"type":"Polygon","coordinates":[[[-94.44,29.538],[-92.36000000000001,29.538],[-92.36000000000001,30.2732],[-94.44,30.2732],[-94.44,29.538]]]}},{"type":"Feature","properties":{"Name":"LATXintra00_8301.gtx","ID":"LATXintra00_8301","Agency":"NOAA","DataLink":"https://vdatum.noaa.gov/download/data/LATXintra00_8301.zip","DataType":"tss","DataSource":"vdatum","LastUpdate":"20260331205909"},"geometry":{"type":"Polygon","coordinates":[[[-94.44,29.538],[-92.36000000000001,29.538],[-92.36000000000001,30.2732],[-94.44,30.2732],[-94.44,29.538]]]}},{"type":"Feature","properties":{"Name":"LATXintra00_8301.gtx","ID":"LATXintra00_8301","Agency":"NOAA","DataLink":"https://vdatum.noaa.gov/download/data/LATXintra00_8301.zip","DataType":"mtl","DataSource":"vdatum","LastUpdate":"20260331205909"},"geometry":{"type":"Polygon","coordinates":[[[-94.44,29.538],[-92.36000000000001,29.538],[-92.36000000000001,30.2732],[-94.44,30.2732],[-94.44,29.538]]]}},{"type":"Feature","properties":{"Name":"LATXoffshr00_8301.gtx","ID":"LATXoffshr00_8301","Agency":"NOAA","DataLink":"https://vdatum.noaa.gov/download/data/LATXoffshr00_8301.zip","DataType":"mhw","DataSource":"vdatum","LastUpdate":"20260331205909"},"geometry":{"type":"Polygon","coordinates":[[[-95.582,28.396],[-92.322,28.396],[-92.322,29.794],[-95.582,29.794],[-95.582,28.396]]]}},{"type":"Feature","properties":{"Name":"LATXoffshr00_8301.gtx","ID":"LATXoffshr00_8301","Agency":"NOAA","DataLink":"https://vdatum.noaa.gov/download/data/LATXoffshr00_8301.zip","DataType":"mhhw","DataSource":"vdatum","LastUpdate":"20260331205909"},"geometry":{"type":"Polygon","coordinates":[[[-95.582,28.396],[-92.322,28.396],[-92.322,29.794],[-95.582,29.794],[-95.582,28.396]]]}},{"type":"Feature","properties":{"Name":"LATXoffshr00_8301.gtx","ID":"LATXoffshr00_8301","Agency":"NOAA","DataLink":"https://vdatum.noaa.gov/download/data/LATXoffshr00_8301.zip","DataType":"mlw","DataSource":"vdatum","LastUpdate":"20260331205909"},"geometry":{"type":"Polygon","coordinates":[[[-95.582,28.396],[-92.322,28.396],[-92.322,29.794],[-95.582,29.794],[-95.582,28.396]]]}},{"type":"Feature","properties":{"Name":"LATXoffshr00_8301.gtx","ID":"LATXoffshr00_8301","Agency":"NOAA","DataLink":"https://vdatum.noaa.gov/download/data/LATXoffshr00_8301.zip","DataType":"mllw","DataSource":"vdatum","LastUpdate":"20260331205909"},"geometry":{"type":"Polygon","coordinates":[[[-95.582,28.396],[-92.322,28.396],[-92.322,29.794],[-95.582,29.794],[-95.582,28.396]]]}},{"type":"Feature","properties":{"Name":"LATXoffshr00_8301.gtx","ID":"LATXoffshr00_8301","Agency":"NOAA","DataLink":"https://vdatum.noaa.gov/download/data/LATXoffshr00_8301.zip","DataType":"tss","DataSource":"vdatum","LastUpdate":"20260331205909"},"geometry":{"type":"Polygon","coordinates":[[[-95.582,28.396],[-92.322,28.396],[-92.322,29.794],[-95.582,29.794],[-95.582,28.396]]]}},{"type":"Feature","properties":{"Name":"LATXoffshr00_8301.gtx","ID":"LATXoffshr00_8301","Agency":"NOAA","DataLink":"https://vdatum.noaa.gov/download/data/LATXoffshr00_8301.zip","DataType":"mtl","DataSource":"vdatum","LastUpdate":"20260331205909"},"geometry":{"type":"Polygon","coordinates":[[[-95.582,28.396],[-92.322,28.396],[-92.322,29.794],[-95.582,29.794],[-95.582,28.396]]]}},{"type":"Feature","properties":{"Name":"LATXwest01_8301.gtx","ID":"LATXwest01_8301","Agency":"NOAA","DataLink":"https://vdatum.noaa.gov/download/data/LATXwest01_8301.zip","DataType":"mhw","DataSource":"vdatum","LastUpdate":"20260331205909"},"geometry":{"type":"Polygon","coordinates":[[[-94.44999999999999,28.54],[-92.49900000000002,28.54],[-92.49900000000002,30.406],[-94.44999999999999,30.406],[-94.44999999999999,28.54]]]}},{"type":"Feature","properties":{"Name":"LATXwest01_8301.gtx","ID":"LATXwest01_8301","Agency":"NOAA","DataLink":"https://vdatum.noaa.gov/download/data/LATXwest01_8301.zip","DataType":"mhhw","DataSource":"vdatum","LastUpdate":"20260331205909"},"geometry":{"type":"Polygon","coordinates":[[[-94.44999999999999,28.54],[-92.49900000000002,28.54],[-92.49900000000002,30.406],[-94.44999999999999,30.406],[-94.44999999999999,28.54]]]}},{"type":"Feature","properties":{"Name":"LATXwest01_8301.gtx","ID":"LATXwest01_8301","Agency":"NOAA","DataLink":"https://vdatum.noaa.gov/download/data/LATXwest01_8301.zip","DataType":"mlw","DataSource":"vdatum","LastUpdate":"20260331205909"},"geometry":{"type":"Polygon","coordinates":[[[-94.44999999999999,28.54],[-92.49900000000002,28.54],[-92.49900000000002,30.406],[-94.44999999999999,30.406],[-94.44999999999999,28.54]]]}},{"type":"Feature","properties":{"Name":"LATXwest01_8301.gtx","ID":"LATXwest01_8301","Agency":"NOAA","DataLink":"https://vdatum.noaa.gov/download/data/LATXwest01_8301.zip","DataType":"mllw","DataSource":"vdatum","LastUpdate":"20260331205909"},"geometry":{"type":"Polygon","coordinates":[[[-94.44999999999999,28.54],[-92.49900000000002,28.54],[-92.49900000000002,30.406],[-94.44999999999999,30.406],[-94.44999999999999,28.54]]]}},{"type":"Feature","properties":{"Name":"LATXwest01_8301.gtx","ID":"LATXwest01_8301","Agency":"NOAA","DataLink":"https://vdatum.noaa.gov/download/data/LATXwest01_8301.zip","DataType":"tss","DataSource":"vdatum","LastUpdate":"20260331205909"},"geometry":{"type":"Polygon","coordinates":[[[-94.44999999999999,28.54],[-92.49900000000002,28.54],[-92.49900000000002,30.406],[-94.44999999999999,30.406],[-94.44999999999999,28.54]]]}},{"type":"Feature","properties":{"Name":"LATXwest01_8301.gtx","ID":"LATXwest01_8301","Agency":"NOAA","DataLink":"https://vdatum.noaa.gov/download/data/LATXwest01_8301.zip","DataType":"mtl","DataSource":"vdatum","LastUpdate":"20260331205909"},"geometry":{"type":"Polygon","coordinates":[[[-94.44999999999999,28.54],[-92.49900000000002,28.54],[-92.49900000000002,30.406],[-94.44999999999999,30.406],[-94.44999999999999,28.54]]]}},{"type":"Feature","properties":{"Name":"LAatchaf00_8301.gtx","ID":"LAatchaf00_8301","Agency":"NOAA","DataLink":"https://vdatum.noaa.gov/download/data/LAatchaf00_8301.zip","DataType":"mhw","DataSource":"vdatum","LastUpdate":"20260331205909"},"geometry":{"type":"Polygon","coordinates":[[[-92.36500000000001,29.13],[-91.14800000000002,29.13],[-91.14800000000002,29.954],[-92.36500000000001,29.954],[-92.36500000000001,29.13]]]}},{"type":"Feature","properties":{"Name":"LAatchaf00_8301.gtx","ID":"LAatchaf00_8301","Agency":"NOAA","DataLink":"https://vdatum.noaa.gov/download/data/LAatchaf00_8301.zip","DataType":"mhhw","DataSource":"vdatum","LastUpdate":"20260331205909"},"geometry":{"type":"Polygon","coordinates":[[[-92.36500000000001,29.13],[-91.14800000000002,29.13],[-91.14800000000002,29.954],[-92.36500000000001,29.954],[-92.36500000000001,29.13]]]}},{"type":"Feature","properties":{"Name":"LAatchaf00_8301.gtx","ID":"LAatchaf00_8301","Agency":"NOAA","DataLink":"https://vdatum.noaa.gov/download/data/LAatchaf00_8301.zip","DataType":"mlw","DataSource":"vdatum","LastUpdate":"20260331205909"},"geometry":{"type":"Polygon","coordinates":[[[-92.36500000000001,29.13],[-91.14800000000002,29.13],[-91.14800000000002,29.954],[-92.36500000000001,29.954],[-92.36500000000001,29.13]]]}},{"type":"Feature","properties":{"Name":"LAatchaf00_8301.gtx","ID":"LAatchaf00_8301","Agency":"NOAA","DataLink":"https://vdatum.noaa.gov/download/data/LAatchaf00_8301.zip","DataType":"mllw","DataSource":"vdatum","LastUpdate":"20260331205909"},"geometry":{"type":"Polygon","coordinates":[[[-92.36500000000001,29.13],[-91.14800000000002,29.13],[-91.14800000000002,29.954],[-92.36500000000001,29.954],[-92.36500000000001,29.13]]]}},{"type":"Feature","properties":{"Name":"LAatchaf00_8301.gtx","ID":"LAatchaf00_8301","Agency":"NOAA","DataLink":"https://vdatum.noaa.gov/download/data/LAatchaf00_8301.zip","DataType":"tss","DataSource":"vdatum","LastUpdate":"20260331205909"},"geometry":{"type":"Polygon","coordinates":[[[-92.36500000000001,29.13],[-91.14800000000002,29.13],[-91.14800000000002,29.954],[-92.36500000000001,29.954],[-92.36500000000001,29.13]]]}},{"type":"Feature","properties":{"Name":"LAatchaf00_8301.gtx","ID":"LAatchaf00_8301","Agency":"NOAA","DataLink":"https://vdatum.noaa.gov/download/data/LAatchaf00_8301.zip","DataType":"mtl","DataSource":"vdatum","LastUpdate":"20260331205909"},"geometry":{"type":"Polygon","coordinates":[[[-92.36500000000001,29.13],[-91.14800000000002,29.13],[-91.14800000000002,29.954],[-92.36500000000001,29.954],[-92.36500000000001,29.13]]]}},{"type":"Feature","properties":{"Name":"LAmobile02_8301.gtx","ID":"LAmobile02_8301","Agency":"NOAA","DataLink":"https://vdatum.noaa.gov/download/data/LAmobile02_8301.zip","DataType":"mhw","DataSource":"vdatum","LastUpdate":"20260331205909"},"geometry":{"type":"Polygon","coordinates":[[[-93.0,28.0],[-88.0,28.0],[-88.0,30.5],[-93.0,30.5],[-93.0,28.0]]]}},{"type":"Feature","properties":{"Name":"LAmobile02_8301.gtx","ID":"LAmobile02_8301","Agency":"NOAA","DataLink":"https://vdatum.noaa.gov/download/data/LAmobile02_8301.zip","DataType":"mhhw","DataSource":"vdatum","LastUpdate":"20260331205909"},"geometry":{"type":"Polygon","coordinates":[[[-93.0,28.0],[-88.0,28.0],[-88.0,30.5],[-93.0,30.5],[-93.0,28.0]]]}},{"type":"Feature","properties":{"Name":"LAmobile02_8301.gtx","ID":"LAmobile02_8301","Agency":"NOAA","DataLink":"https://vdatum.noaa.gov/download/data/LAmobile02_8301.zip","DataType":"mlw","DataSource":"vdatum","LastUpdate":"20260331205909"},"geometry":{"type":"Polygon","coordinates":[[[-93.0,28.0],[-88.0,28.0],[-88.0,30.5],[-93.0,30.5],[-93.0,28.0]]]}},{"type":"Feature","properties":{"Name":"LAmobile02_8301.gtx","ID":"LAmobile02_8301","Agency":"NOAA","DataLink":"https://vdatum.noaa.gov/download/data/LAmobile02_8301.zip","DataType":"mllw","DataSource":"vdatum","LastUpdate":"20260331205909"},"geometry":{"type":"Polygon","coordinates":[[[-93.0,28.0],[-88.0,28.0],[-88.0,30.5],[-93.0,30.5],[-93.0,28.0]]]}},{"type":"Feature","properties":{"Name":"LAmobile02_8301.gtx","ID":"LAmobile02_8301","Agency":"NOAA","DataLink":"https://vdatum.noaa.gov/download/data/LAmobile02_8301.zip","DataType":"tss","DataSource":"vdatum","LastUpdate":"20260331205909"},"geometry":{"type":"Polygon","coordinates":[[[-93.0,28.0],[-88.0,28.0],[-88.0,30.5],[-93.0,30.5],[-93.0,28.0]]]}},{"type":"Feature","properties":{"Name":"LAmobile02_8301.gtx","ID":"LAmobile02_8301","Agency":"NOAA","DataLink":"https://vdatum.noaa.gov/download/data/LAmobile02_8301.zip","DataType":"mtl","DataSource":"vdatum","LastUpdate":"20260331205909"},"geometry":{"type":"Polygon","coordinates":[[[-93.0,28.0],[-88.0,28.0],[-88.0,30.5],[-93.0,30.5],[-93.0,28.0]]]}},{"type":"Feature","properties":{"Name":"vdatum\\MDVA_chb11_8301\\MDVA_chb11_8301.gtx","ID":"MDVA_chb11_8301","Agency":"NOAA","DataLink":"https://vdatum.noaa.gov/download/data/MDVA_chb11_8301.zip","DataType":"mhw","DataSource":"vdatum","LastUpdate":"20260331205909"},"geometry":{"type":"Polygon","coordinates":[[[-77.48000000000002,35.95],[-75.57999999999998,35.95],[-75.57999999999998,39.65],[-77.48000000000002,39.65],[-77.48000000000002,35.95]]]}},{"type":"Feature","properties":{"Name":"vdatum\\MDVA_chb11_8301\\MDVA_chb11_8301.gtx","ID":"MDVA_chb11_8301","Agency":"NOAA","DataLink":"https://vdatum.noaa.gov/download/data/MDVA_chb11_8301.zip","DataType":"mhhw","DataSource":"vdatum","LastUpdate":"20260331205909"},"geometry":{"type":"Polygon","coordinates":[[[-77.48000000000002,35.95],[-75.57999999999998,35.95],[-75.57999999999998,39.65],[-77.48000000000002,39.65],[-77.48000000000002,35.95]]]}},{"type":"Feature","properties":{"Name":"vdatum\\MDVA_chb11_8301\\MDVA_chb11_8301.gtx","ID":"MDVA_chb11_8301","Agency":"NOAA","DataLink":"https://vdatum.noaa.gov/download/data/MDVA_chb11_8301.zip","DataType":"mlw","DataSource":"vdatum","LastUpdate":"20260331205909"},"geometry":{"type":"Polygon","coordinates":[[[-77.48000000000002,35.95],[-75.57999999999998,35.95],[-75.57999999999998,39.65],[-77.48000000000002,39.65],[-77.48000000000002,35.95]]]}},{"type":"Feature","properties":{"Name":"vdatum\\MDVA_chb11_8301\\MDVA_chb11_8301.gtx","ID":"MDVA_chb11_8301","Agency":"NOAA","DataLink":"https://vdatum.noaa.gov/download/data/MDVA_chb11_8301.zip","DataType":"mllw","DataSource":"vdatum","LastUpdate":"20260331205909"},"geometry":{"type":"Polygon","coordinates":[[[-77.48000000000002,35.95],[-75.57999999999998,35.95],[-75.57999999999998,39.65],[-77.48000000000002,39.65],[-77.48000000000002,35.95]]]}},{"type":"Feature","properties":{"Name":"vdatum\\MDVA_chb11_8301\\MDVA_chb11_8301.gtx","ID":"MDVA_chb11_8301","Agency":"NOAA","DataLink":"https://vdatum.noaa.gov/download/data/MDVA_chb11_8301.zip","DataType":"tss","DataSource":"vdatum","LastUpdate":"20260331205909"},"geometry":{"type":"Polygon","coordinates":[[[-77.48000000000002,35.95],[-75.57999999999998,35.95],[-75.57999999999998,39.65],[-77.48000000000002,39.65],[-77.48000000000002,35.95]]]}},{"type":"Feature","properties":{"Name":"vdatum\\MDVA_chb11_8301\\MDVA_chb11_8301.gtx","ID":"MDVA_chb11_8301","Agency":"NOAA","DataLink":"https://vdatum.noaa.gov/download/data/MDVA_chb11_8301.zip","DataType":"mtl","DataSource":"vdatum","LastUpdate":"20260331205909"},"geometry":{"type":"Polygon","coordinates":[[[-77.48000000000002,35.95],[-75.57999999999998,35.95],[-75.57999999999998,39.65],[-77.48000000000002,39.65],[-77.48000000000002,35.95]]]}},{"type":"Feature","properties":{"Name":"MDVAchb12_8301.gtx","ID":"MDVAchb12_8301","Agency":"NOAA","DataLink":"https://vdatum.noaa.gov/download/data/MDVAchb12_8301.zip","DataType":"mhw","DataSource":"vdatum","LastUpdate":"20260331205909"},"geometry":{"type":"Polygon","coordinates":[[[-77.48000000000002,35.95],[-75.57999999999998,35.95],[-75.57999999999998,39.65],[-77.48000000000002,39.65],[-77.48000000000002,35.95]]]}},{"type":"Feature","properties":{"Name":"MDVAchb12_8301.gtx","ID":"MDVAchb12_8301","Agency":"NOAA","DataLink":"https://vdatum.noaa.gov/download/data/MDVAchb12_8301.zip","DataType":"mhhw","DataSource":"vdatum","LastUpdate":"20260331205909"},"geometry":{"type":"Polygon","coordinates":[[[-77.48000000000002,35.95],[-75.57999999999998,35.95],[-75.57999999999998,39.65],[-77.48000000000002,39.65],[-77.48000000000002,35.95]]]}},{"type":"Feature","properties":{"Name":"MDVAchb12_8301.gtx","ID":"MDVAchb12_8301","Agency":"NOAA","DataLink":"https://vdatum.noaa.gov/download/data/MDVAchb12_8301.zip","DataType":"mlw","DataSource":"vdatum","LastUpdate":"20260331205909"},"geometry":{"type":"Polygon","coordinates":[[[-77.48000000000002,35.95],[-75.57999999999998,35.95],[-75.57999999999998,39.65],[-77.48000000000002,39.65],[-77.48000000000002,35.95]]]}},{"type":"Feature","properties":{"Name":"MDVAchb12_8301.gtx","ID":"MDVAchb12_8301","Agency":"NOAA","DataLink":"https://vdatum.noaa.gov/download/data/MDVAchb12_8301.zip","DataType":"mllw","DataSource":"vdatum","LastUpdate":"20260331205909"},"geometry":{"type":"Polygon","coordinates":[[[-77.48000000000002,35.95],[-75.57999999999998,35.95],[-75.57999999999998,39.65],[-77.48000000000002,39.65],[-77.48000000000002,35.95]]]}},{"type":"Feature","properties":{"Name":"MDVAchb12_8301.gtx","ID":"MDVAchb12_8301","Agency":"NOAA","DataLink":"https://vdatum.noaa.gov/download/data/MDVAchb12_8301.zip","DataType":"tss","DataSource":"vdatum","LastUpdate":"20260331205909"},"geometry":{"type":"Polygon","coordinates":[[[-77.48000000000002,35.95],[-75.57999999999998,35.95],[-75.57999999999998,39.65],[-77.48000000000002,39.65],[-77.48000000000002,35.95]]]}},{"type":"Feature","properties":{"Name":"MDVAchb12_8301.gtx","ID":"MDVAchb12_8301","Agency":"NOAA","DataLink":"https://vdatum.noaa.gov/download/data/MDVAchb12_8301.zip","DataType":"mtl","DataSource":"vdatum","LastUpdate":"20260331205909"},"geometry":{"type":"Polygon","coordinates":[[[-77.48000000000002,35.95],[-75.57999999999998,35.95],[-75.57999999999998,39.65],[-77.48000000000002,39.65],[-77.48000000000002,35.95]]]}},{"type":"Feature","properties":{"Name":"MDVAechb11_8301.gtx","ID":"MDVAechb11_8301","Agency":"NOAA","DataLink":"https://vdatum.noaa.gov/download/data/MDVAechb11_8301.zip","DataType":"mhw","DataSource":"vdatum","LastUpdate":"20260331205909"},"geometry":{"type":"Polygon","coordinates":[[[-76.44200000000001,36.726],[-75.59719999999999,36.726],[-75.59719999999999,39.616],[-76.44200000000001,39.616],[-76.44200000000001,36.726]]]}},{"type":"Feature","properties":{"Name":"MDVAechb11_8301.gtx","ID":"MDVAechb11_8301","Agency":"NOAA","DataLink":"https://vdatum.noaa.gov/download/data/MDVAechb11_8301.zip","DataType":"mhhw","DataSource":"vdatum","LastUpdate":"20260331205909"},"geometry":{"type":"Polygon","coordinates":[[[-76.44200000000001,36.726],[-75.59719999999999,36.726],[-75.59719999999999,39.616],[-76.44200000000001,39.616],[-76.44200000000001,36.726]]]}},{"type":"Feature","properties":{"Name":"MDVAechb11_8301.gtx","ID":"MDVAechb11_8301","Agency":"NOAA","DataLink":"https://vdatum.noaa.gov/download/data/MDVAechb11_8301.zip","DataType":"mlw","DataSource":"vdatum","LastUpdate":"20260331205909"},"geometry":{"type":"Polygon","coordinates":[[[-76.44200000000001,36.726],[-75.59719999999999,36.726],[-75.59719999999999,39.616],[-76.44200000000001,39.616],[-76.44200000000001,36.726]]]}},{"type":"Feature","properties":{"Name":"MDVAechb11_8301.gtx","ID":"MDVAechb11_8301","Agency":"NOAA","DataLink":"https://vdatum.noaa.gov/download/data/MDVAechb11_8301.zip","DataType":"mllw","DataSource":"vdatum","LastUpdate":"20260331205909"},"geometry":{"type":"Polygon","coordinates":[[[-76.44200000000001,36.726],[-75.59719999999999,36.726],[-75.59719999999999,39.616],[-76.44200000000001,39.616],[-76.44200000000001,36.726]]]}},{"type":"Feature","properties":{"Name":"MDVAechb11_8301.gtx","ID":"MDVAechb11_8301","Agency":"NOAA","DataLink":"https://vdatum.noaa.gov/download/data/MDVAechb11_8301.zip","DataType":"tss","DataSource":"vdatum","LastUpdate":"20260331205909"},"geometry":{"type":"Polygon","coordinates":[[[-76.44200000000001,36.726],[-75.59719999999999,36.726],[-75.59719999999999,39.616],[-76.44200000000001,39.616],[-76.44200000000001,36.726]]]}},{"type":"Feature","properties":{"Name":"MDVAechb11_8301.gtx","ID":"MDVAechb11_8301","Agency":"NOAA","DataLink":"https://vdatum.noaa.gov/download/data/MDVAechb11_8301.zip","DataType":"mtl","DataSource":"vdatum","LastUpdate":"20260331205909"},"geometry":{"type":"Polygon","coordinates":[[[-76.44200000000001,36.726],[-75.59719999999999,36.726],[-75.59719999999999,39.616],[-76.44200000000001,39.616],[-76.44200000000001,36.726]]]}},{"type":"Feature","properties":{"Name":"MDnwchb11_8301.gtx","ID":"MDnwchb11_8301","Agency":"NOAA","DataLink":"https://vdatum.noaa.gov/download/data/MDnwchb11_8301.zip","DataType":"mhw","DataSource":"vdatum","LastUpdate":"20260331205909"},"geometry":{"type":"Polygon","coordinates":[[[-77.38099999999997,37.898],[-76.12900000000002,37.898],[-76.12900000000002,39.482],[-77.38099999999997,39.482],[-77.38099999999997,37.898]]]}},{"type":"Feature","properties":{"Name":"MDnwchb11_8301.gtx","ID":"MDnwchb11_8301","Agency":"NOAA","DataLink":"https://vdatum.noaa.gov/download/data/MDnwchb11_8301.zip","DataType":"mhhw","DataSource":"vdatum","LastUpdate":"20260331205909"},"geometry":{"type":"Polygon","coordinates":[[[-77.38099999999997,37.898],[-76.12900000000002,37.898],[-76.12900000000002,39.482],[-77.38099999999997,39.482],[-77.38099999999997,37.898]]]}},{"type":"Feature","properties":{"Name":"MDnwchb11_8301.gtx","ID":"MDnwchb11_8301","Agency":"NOAA","DataLink":"https://vdatum.noaa.gov/download/data/MDnwchb11_8301.zip","DataType":"mlw","DataSource":"vdatum","LastUpdate":"20260331205909"},"geometry":{"type":"Polygon","coordinates":[[[-77.38099999999997,37.898],[-76.12900000000002,37.898],[-76.12900000000002,39.482],[-77.38099999999997,39.482],[-77.38099999999997,37.898]]]}},{"type":"Feature","properties":{"Name":"MDnwchb11_8301.gtx","ID":"MDnwchb11_8301","Agency":"NOAA","DataLink":"https://vdatum.noaa.gov/download/data/MDnwchb11_8301.zip","DataType":"mllw","DataSource":"vdatum","LastUpdate":"20260331205909"},"geometry":{"type":"Polygon","coordinates":[[[-77.38099999999997,37.898],[-76.12900000000002,37.898],[-76.12900000000002,39.482],[-77.38099999999997,39.482],[-77.38099999999997,37.898]]]}},{"type":"Feature","properties":{"Name":"MDnwchb11_8301.gtx","ID":"MDnwchb11_8301","Agency":"NOAA","DataLink":"https://vdatum.noaa.gov/download/data/MDnwchb11_8301.zip","DataType":"tss","DataSource":"vdatum","LastUpdate":"20260331205909"},"geometry":{"type":"Polygon","coordinates":[[[-77.38099999999997,37.898],[-76.12900000000002,37.898],[-76.12900000000002,39.482],[-77.38099999999997,39.482],[-77.38099999999997,37.898]]]}},{"type":"Feature","properties":{"Name":"MDnwchb11_8301.gtx","ID":"MDnwchb11_8301","Agency":"NOAA","DataLink":"https://vdatum.noaa.gov/download/data/MDnwchb11_8301.zip","DataType":"mtl","DataSource":"vdatum","LastUpdate":"20260331205909"},"geometry":{"type":"Polygon","coordinates":[[[-77.38099999999997,37.898],[-76.12900000000002,37.898],[-76.12900000000002,39.482],[-77.38099999999997,39.482],[-77.38099999999997,37.898]]]}},{"type":"Feature","properties":{"Name":"vdatum\\MENHMAgome12_8301\\MENHMAgome12_8301.gtx","ID":"MENHMAgome12_8301","Agency":"NOAA","DataLink":"https://vdatum.noaa.gov/download/data/MENHMAgome12_8301.zip","DataType":"mhw","DataSource":"vdatum","LastUpdate":"20260331205909"},"geometry":{"type":"Polygon","coordinates":[[[-71.19999999999999,39.89],[-65.57979999999998,39.89],[-65.57979999999998,45.568],[-71.19999999999999,45.568],[-71.19999999999999,39.89]]]}},{"type":"Feature","properties":{"Name":"vdatum\\MENHMAgome12_8301\\MENHMAgome12_8301.gtx","ID":"MENHMAgome12_8301","Agency":"NOAA","DataLink":"https://vdatum.noaa.gov/download/data/MENHMAgome12_8301.zip","DataType":"mhhw","DataSource":"vdatum","LastUpdate":"20260331205909"},"geometry":{"type":"Polygon","coordinates":[[[-71.19999999999999,39.89],[-65.57979999999998,39.89],[-65.57979999999998,45.568],[-71.19999999999999,45.568],[-71.19999999999999,39.89]]]}},{"type":"Feature","properties":{"Name":"vdatum\\MENHMAgome12_8301\\MENHMAgome12_8301.gtx","ID":"MENHMAgome12_8301","Agency":"NOAA","DataLink":"https://vdatum.noaa.gov/download/data/MENHMAgome12_8301.zip","DataType":"mlw","DataSource":"vdatum","LastUpdate":"20260331205909"},"geometry":{"type":"Polygon","coordinates":[[[-71.19999999999999,39.89],[-65.57979999999998,39.89],[-65.57979999999998,45.568],[-71.19999999999999,45.568],[-71.19999999999999,39.89]]]}},{"type":"Feature","properties":{"Name":"vdatum\\MENHMAgome12_8301\\MENHMAgome12_8301.gtx","ID":"MENHMAgome12_8301","Agency":"NOAA","DataLink":"https://vdatum.noaa.gov/download/data/MENHMAgome12_8301.zip","DataType":"mllw","DataSource":"vdatum","LastUpdate":"20260331205909"},"geometry":{"type":"Polygon","coordinates":[[[-71.19999999999999,39.89],[-65.57979999999998,39.89],[-65.57979999999998,45.568],[-71.19999999999999,45.568],[-71.19999999999999,39.89]]]}},{"type":"Feature","properties":{"Name":"vdatum\\MENHMAgome12_8301\\MENHMAgome12_8301.gtx","ID":"MENHMAgome12_8301","Agency":"NOAA","DataLink":"https://vdatum.noaa.gov/download/data/MENHMAgome12_8301.zip","DataType":"tss","DataSource":"vdatum","LastUpdate":"20260331205909"},"geometry":{"type":"Polygon","coordinates":[[[-71.19999999999999,39.89],[-65.57979999999998,39.89],[-65.57979999999998,45.568],[-71.19999999999999,45.568],[-71.19999999999999,39.89]]]}},{"type":"Feature","properties":{"Name":"vdatum\\MENHMAgome12_8301\\MENHMAgome12_8301.gtx","ID":"MENHMAgome12_8301","Agency":"NOAA","DataLink":"https://vdatum.noaa.gov/download/data/MENHMAgome12_8301.zip","DataType":"mtl","DataSource":"vdatum","LastUpdate":"20260331205909"},"geometry":{"type":"Polygon","coordinates":[[[-71.19999999999999,39.89],[-65.57979999999998,39.89],[-65.57979999999998,45.568],[-71.19999999999999,45.568],[-71.19999999999999,39.89]]]}},{"type":"Feature","properties":{"Name":"MENHMAgome13_8301.gtx","ID":"MENHMAgome13_8301","Agency":"NOAA","DataLink":"https://vdatum.noaa.gov/download/data/MENHMAgome13_8301.zip","DataType":"mhw","DataSource":"vdatum","LastUpdate":"20260331205909"},"geometry":{"type":"Polygon","coordinates":[[[-71.19999999999999,39.89],[-65.57979999999998,39.89],[-65.57979999999998,45.568],[-71.19999999999999,45.568],[-71.19999999999999,39.89]]]}},{"type":"Feature","properties":{"Name":"MENHMAgome13_8301.gtx","ID":"MENHMAgome13_8301","Agency":"NOAA","DataLink":"https://vdatum.noaa.gov/download/data/MENHMAgome13_8301.zip","DataType":"mhhw","DataSource":"vdatum","LastUpdate":"20260331205909"},"geometry":{"type":"Polygon","coordinates":[[[-71.19999999999999,39.89],[-65.57979999999998,39.89],[-65.57979999999998,45.568],[-71.19999999999999,45.568],[-71.19999999999999,39.89]]]}},{"type":"Feature","properties":{"Name":"MENHMAgome13_8301.gtx","ID":"MENHMAgome13_8301","Agency":"NOAA","DataLink":"https://vdatum.noaa.gov/download/data/MENHMAgome13_8301.zip","DataType":"mlw","DataSource":"vdatum","LastUpdate":"20260331205909"},"geometry":{"type":"Polygon","coordinates":[[[-71.19999999999999,39.89],[-65.57979999999998,39.89],[-65.57979999999998,45.568],[-71.19999999999999,45.568],[-71.19999999999999,39.89]]]}},{"type":"Feature","properties":{"Name":"MENHMAgome13_8301.gtx","ID":"MENHMAgome13_8301","Agency":"NOAA","DataLink":"https://vdatum.noaa.gov/download/data/MENHMAgome13_8301.zip","DataType":"mllw","DataSource":"vdatum","LastUpdate":"20260331205909"},"geometry":{"type":"Polygon","coordinates":[[[-71.19999999999999,39.89],[-65.57979999999998,39.89],[-65.57979999999998,45.568],[-71.19999999999999,45.568],[-71.19999999999999,39.89]]]}},{"type":"Feature","properties":{"Name":"MENHMAgome13_8301.gtx","ID":"MENHMAgome13_8301","Agency":"NOAA","DataLink":"https://vdatum.noaa.gov/download/data/MENHMAgome13_8301.zip","DataType":"tss","DataSource":"vdatum","LastUpdate":"20260331205909"},"geometry":{"type":"Polygon","coordinates":[[[-71.19999999999999,39.89],[-65.57979999999998,39.89],[-65.57979999999998,45.568],[-71.19999999999999,45.568],[-71.19999999999999,39.89]]]}},{"type":"Feature","properties":{"Name":"MENHMAgome13_8301.gtx","ID":"MENHMAgome13_8301","Agency":"NOAA","DataLink":"https://vdatum.noaa.gov/download/data/MENHMAgome13_8301.zip","DataType":"mtl","DataSource":"vdatum","LastUpdate":"20260331205909"},"geometry":{"type":"Polygon","coordinates":[[[-71.19999999999999,39.89],[-65.57979999999998,39.89],[-65.57979999999998,45.568],[-71.19999999999999,45.568],[-71.19999999999999,39.89]]]}},{"type":"Feature","properties":{"Name":"MENHMAgome23_8301.gtx","ID":"MENHMAgome23_8301","Agency":"NOAA","DataLink":"https://vdatum.noaa.gov/download/data/MENHMAgome23_8301.zip","DataType":"mhw","DataSource":"vdatum","LastUpdate":"20260331205909"},"geometry":{"type":"Polygon","coordinates":[[[-71.19999999999999,39.89],[-65.57979999999998,39.89],[-65.57979999999998,45.568],[-71.19999999999999,45.568],[-71.19999999999999,39.89]]]}},{"type":"Feature","properties":{"Name":"MENHMAgome23_8301.gtx","ID":"MENHMAgome23_8301","Agency":"NOAA","DataLink":"https://vdatum.noaa.gov/download/data/MENHMAgome23_8301.zip","DataType":"mhhw","DataSource":"vdatum","LastUpdate":"20260331205909"},"geometry":{"type":"Polygon","coordinates":[[[-71.19999999999999,39.89],[-65.57979999999998,39.89],[-65.57979999999998,45.568],[-71.19999999999999,45.568],[-71.19999999999999,39.89]]]}},{"type":"Feature","properties":{"Name":"MENHMAgome23_8301.gtx","ID":"MENHMAgome23_8301","Agency":"NOAA","DataLink":"https://vdatum.noaa.gov/download/data/MENHMAgome23_8301.zip","DataType":"mlw","DataSource":"vdatum","LastUpdate":"20260331205909"},"geometry":{"type":"Polygon","coordinates":[[[-71.19999999999999,39.89],[-65.57979999999998,39.89],[-65.57979999999998,45.568],[-71.19999999999999,45.568],[-71.19999999999999,39.89]]]}},{"type":"Feature","properties":{"Name":"MENHMAgome23_8301.gtx","ID":"MENHMAgome23_8301","Agency":"NOAA","DataLink":"https://vdatum.noaa.gov/download/data/MENHMAgome23_8301.zip","DataType":"mllw","DataSource":"vdatum","LastUpdate":"20260331205909"},"geometry":{"type":"Polygon","coordinates":[[[-71.19999999999999,39.89],[-65.57979999999998,39.89],[-65.57979999999998,45.568],[-71.19999999999999,45.568],[-71.19999999999999,39.89]]]}},{"type":"Feature","properties":{"Name":"MENHMAgome23_8301.gtx","ID":"MENHMAgome23_8301","Agency":"NOAA","DataLink":"https://vdatum.noaa.gov/download/data/MENHMAgome23_8301.zip","DataType":"tss","DataSource":"vdatum","LastUpdate":"20260331205909"},"geometry":{"type":"Polygon","coordinates":[[[-71.19999999999999,39.89],[-65.57979999999998,39.89],[-65.57979999999998,45.568],[-71.19999999999999,45.568],[-71.19999999999999,39.89]]]}},{"type":"Feature","properties":{"Name":"MENHMAgome23_8301.gtx","ID":"MENHMAgome23_8301","Agency":"NOAA","DataLink":"https://vdatum.noaa.gov/download/data/MENHMAgome23_8301.zip","DataType":"mtl","DataSource":"vdatum","LastUpdate":"20260331205909"},"geometry":{"type":"Polygon","coordinates":[[[-71.19999999999999,39.89],[-65.57979999999998,39.89],[-65.57979999999998,45.568],[-71.19999999999999,45.568],[-71.19999999999999,39.89]]]}},{"type":"Feature","properties":{"Name":"NCcoast11_8301.gtx","ID":"NCcoast11_8301","Agency":"NOAA","DataLink":"https://vdatum.noaa.gov/download/data/NCcoast11_8301.zip","DataType":"mhw","DataSource":"vdatum","LastUpdate":"20260331205909"},"geometry":{"type":"Polygon","coordinates":[[[-78.35000000000002,32.65],[-74.14999999999998,32.65],[-74.14999999999998,37.05],[-78.35000000000002,37.05],[-78.35000000000002,32.65]]]}},{"type":"Feature","properties":{"Name":"NCcoast11_8301.gtx","ID":"NCcoast11_8301","Agency":"NOAA","DataLink":"https://vdatum.noaa.gov/download/data/NCcoast11_8301.zip","DataType":"mhhw","DataSource":"vdatum","LastUpdate":"20260331205909"},"geometry":{"type":"Polygon","coordinates":[[[-78.35000000000002,32.65],[-74.14999999999998,32.65],[-74.14999999999998,37.05],[-78.35000000000002,37.05],[-78.35000000000002,32.65]]]}},{"type":"Feature","properties":{"Name":"NCcoast11_8301.gtx","ID":"NCcoast11_8301","Agency":"NOAA","DataLink":"https://vdatum.noaa.gov/download/data/NCcoast11_8301.zip","DataType":"mlw","DataSource":"vdatum","LastUpdate":"20260331205909"},"geometry":{"type":"Polygon","coordinates":[[[-78.35000000000002,32.65],[-74.14999999999998,32.65],[-74.14999999999998,37.05],[-78.35000000000002,37.05],[-78.35000000000002,32.65]]]}},{"type":"Feature","properties":{"Name":"NCcoast11_8301.gtx","ID":"NCcoast11_8301","Agency":"NOAA","DataLink":"https://vdatum.noaa.gov/download/data/NCcoast11_8301.zip","DataType":"mllw","DataSource":"vdatum","LastUpdate":"20260331205909"},"geometry":{"type":"Polygon","coordinates":[[[-78.35000000000002,32.65],[-74.14999999999998,32.65],[-74.14999999999998,37.05],[-78.35000000000002,37.05],[-78.35000000000002,32.65]]]}},{"type":"Feature","properties":{"Name":"NCcoast11_8301.gtx","ID":"NCcoast11_8301","Agency":"NOAA","DataLink":"https://vdatum.noaa.gov/download/data/NCcoast11_8301.zip","DataType":"tss","DataSource":"vdatum","LastUpdate":"20260331205909"},"geometry":{"type":"Polygon","coordinates":[[[-78.35000000000002,32.65],[-74.14999999999998,32.65],[-74.14999999999998,37.05],[-78.35000000000002,37.05],[-78.35000000000002,32.65]]]}},{"type":"Feature","properties":{"Name":"NCcoast11_8301.gtx","ID":"NCcoast11_8301","Agency":"NOAA","DataLink":"https://vdatum.noaa.gov/download/data/NCcoast11_8301.zip","DataType":"mtl","DataSource":"vdatum","LastUpdate":"20260331205909"},"geometry":{"type":"Polygon","coordinates":[[[-78.35000000000002,32.65],[-74.14999999999998,32.65],[-74.14999999999998,37.05],[-78.35000000000002,37.05],[-78.35000000000002,32.65]]]}},{"type":"Feature","properties":{"Name":"vdatum\\NCcoastalshelf10_8301\\NCcoastalshelf10_8301.gtx","ID":"NCcoastalshelf10_8301","Agency":"NOAA","DataLink":"https://vdatum.noaa.gov/download/data/NCcoastalshelf10_8301.zip","DataType":"mhw","DataSource":"vdatum","LastUpdate":"20260331205909"},"geometry":{"type":"Polygon","coordinates":[[[-78.35000000000002,32.65],[-74.14999999999998,32.65],[-74.14999999999998,37.05],[-78.35000000000002,37.05],[-78.35000000000002,32.65]]]}},{"type":"Feature","properties":{"Name":"vdatum\\NCcoastalshelf10_8301\\NCcoastalshelf10_8301.gtx","ID":"NCcoastalshelf10_8301","Agency":"NOAA","DataLink":"https://vdatum.noaa.gov/download/data/NCcoastalshelf10_8301.zip","DataType":"mhhw","DataSource":"vdatum","LastUpdate":"20260331205909"},"geometry":{"type":"Polygon","coordinates":[[[-78.35000000000002,32.65],[-74.14999999999998,32.65],[-74.14999999999998,37.05],[-78.35000000000002,37.05],[-78.35000000000002,32.65]]]}},{"type":"Feature","properties":{"Name":"vdatum\\NCcoastalshelf10_8301\\NCcoastalshelf10_8301.gtx","ID":"NCcoastalshelf10_8301","Agency":"NOAA","DataLink":"https://vdatum.noaa.gov/download/data/NCcoastalshelf10_8301.zip","DataType":"mlw","DataSource":"vdatum","LastUpdate":"20260331205909"},"geometry":{"type":"Polygon","coordinates":[[[-78.35000000000002,32.65],[-74.14999999999998,32.65],[-74.14999999999998,37.05],[-78.35000000000002,37.05],[-78.35000000000002,32.65]]]}},{"type":"Feature","properties":{"Name":"vdatum\\NCcoastalshelf10_8301\\NCcoastalshelf10_8301.gtx","ID":"NCcoastalshelf10_8301","Agency":"NOAA","DataLink":"https://vdatum.noaa.gov/download/data/NCcoastalshelf10_8301.zip","DataType":"mllw","DataSource":"vdatum","LastUpdate":"20260331205909"},"geometry":{"type":"Polygon","coordinates":[[[-78.35000000000002,32.65],[-74.14999999999998,32.65],[-74.14999999999998,37.05],[-78.35000000000002,37.05],[-78.35000000000002,32.65]]]}},{"type":"Feature","properties":{"Name":"vdatum\\NCcoastalshelf10_8301\\NCcoastalshelf10_8301.gtx","ID":"NCcoastalshelf10_8301","Agency":"NOAA","DataLink":"https://vdatum.noaa.gov/download/data/NCcoastalshelf10_8301.zip","DataType":"tss","DataSource":"vdatum","LastUpdate":"20260331205909"},"geometry":{"type":"Polygon","coordinates":[[[-78.35000000000002,32.65],[-74.14999999999998,32.65],[-74.14999999999998,37.05],[-78.35000000000002,37.05],[-78.35000000000002,32.65]]]}},{"type":"Feature","properties":{"Name":"vdatum\\NCcoastalshelf10_8301\\NCcoastalshelf10_8301.gtx","ID":"NCcoastalshelf10_8301","Agency":"NOAA","DataLink":"https://vdatum.noaa.gov/download/data/NCcoastalshelf10_8301.zip","DataType":"mtl","DataSource":"vdatum","LastUpdate":"20260331205909"},"geometry":{"type":"Polygon","coordinates":[[[-78.35000000000002,32.65],[-74.14999999999998,32.65],[-74.14999999999998,37.05],[-78.35000000000002,37.05],[-78.35000000000002,32.65]]]}},{"type":"Feature","properties":{"Name":"NCinner11_8301.gtx","ID":"NCinner11_8301","Agency":"NOAA","DataLink":"https://vdatum.noaa.gov/download/data/NCinner11_8301.zip","DataType":"mhw","DataSource":"vdatum","LastUpdate":"20260331205909"},"geometry":{"type":"Polygon","coordinates":[[[-78.31,33.83],[-75.45949999999999,33.83],[-75.45949999999999,36.78],[-78.31,36.78],[-78.31,33.83]]]}},{"type":"Feature","properties":{"Name":"NCinner11_8301.gtx","ID":"NCinner11_8301","Agency":"NOAA","DataLink":"https://vdatum.noaa.gov/download/data/NCinner11_8301.zip","DataType":"mhhw","DataSource":"vdatum","LastUpdate":"20260331205909"},"geometry":{"type":"Polygon","coordinates":[[[-78.31,33.83],[-75.45949999999999,33.83],[-75.45949999999999,36.78],[-78.31,36.78],[-78.31,33.83]]]}},{"type":"Feature","properties":{"Name":"NCinner11_8301.gtx","ID":"NCinner11_8301","Agency":"NOAA","DataLink":"https://vdatum.noaa.gov/download/data/NCinner11_8301.zip","DataType":"mlw","DataSource":"vdatum","LastUpdate":"20260331205909"},"geometry":{"type":"Polygon","coordinates":[[[-78.31,33.83],[-75.45949999999999,33.83],[-75.45949999999999,36.78],[-78.31,36.78],[-78.31,33.83]]]}},{"type":"Feature","properties":{"Name":"NCinner11_8301.gtx","ID":"NCinner11_8301","Agency":"NOAA","DataLink":"https://vdatum.noaa.gov/download/data/NCinner11_8301.zip","DataType":"mllw","DataSource":"vdatum","LastUpdate":"20260331205909"},"geometry":{"type":"Polygon","coordinates":[[[-78.31,33.83],[-75.45949999999999,33.83],[-75.45949999999999,36.78],[-78.31,36.78],[-78.31,33.83]]]}},{"type":"Feature","properties":{"Name":"NCinner11_8301.gtx","ID":"NCinner11_8301","Agency":"NOAA","DataLink":"https://vdatum.noaa.gov/download/data/NCinner11_8301.zip","DataType":"tss","DataSource":"vdatum","LastUpdate":"20260331205909"},"geometry":{"type":"Polygon","coordinates":[[[-78.31,33.83],[-75.45949999999999,33.83],[-75.45949999999999,36.78],[-78.31,36.78],[-78.31,33.83]]]}},{"type":"Feature","properties":{"Name":"NCinner11_8301.gtx","ID":"NCinner11_8301","Agency":"NOAA","DataLink":"https://vdatum.noaa.gov/download/data/NCinner11_8301.zip","DataType":"mtl","DataSource":"vdatum","LastUpdate":"20260331205909"},"geometry":{"type":"Polygon","coordinates":[[[-78.31,33.83],[-75.45949999999999,33.83],[-75.45949999999999,36.78],[-78.31,36.78],[-78.31,33.83]]]}},{"type":"Feature","properties":{"Name":"vdatum\\NCinnerbays10_8301\\NCinnerbays10_8301.gtx","ID":"NCinnerbays10_8301","Agency":"NOAA","DataLink":"https://vdatum.noaa.gov/download/data/NCinnerbays10_8301.zip","DataType":"mhw","DataSource":"vdatum","LastUpdate":"20260331205909"},"geometry":{"type":"Polygon","coordinates":[[[-78.31,33.83],[-75.45949999999999,33.83],[-75.45949999999999,36.78],[-78.31,36.78],[-78.31,33.83]]]}},{"type":"Feature","properties":{"Name":"vdatum\\NCinnerbays10_8301\\NCinnerbays10_8301.gtx","ID":"NCinnerbays10_8301","Agency":"NOAA","DataLink":"https://vdatum.noaa.gov/download/data/NCinnerbays10_8301.zip","DataType":"mhhw","DataSource":"vdatum","LastUpdate":"20260331205909"},"geometry":{"type":"Polygon","coordinates":[[[-78.31,33.83],[-75.45949999999999,33.83],[-75.45949999999999,36.78],[-78.31,36.78],[-78.31,33.83]]]}},{"type":"Feature","properties":{"Name":"vdatum\\NCinnerbays10_8301\\NCinnerbays10_8301.gtx","ID":"NCinnerbays10_8301","Agency":"NOAA","DataLink":"https://vdatum.noaa.gov/download/data/NCinnerbays10_8301.zip","DataType":"mlw","DataSource":"vdatum","LastUpdate":"20260331205909"},"geometry":{"type":"Polygon","coordinates":[[[-78.31,33.83],[-75.45949999999999,33.83],[-75.45949999999999,36.78],[-78.31,36.78],[-78.31,33.83]]]}},{"type":"Feature","properties":{"Name":"vdatum\\NCinnerbays10_8301\\NCinnerbays10_8301.gtx","ID":"NCinnerbays10_8301","Agency":"NOAA","DataLink":"https://vdatum.noaa.gov/download/data/NCinnerbays10_8301.zip","DataType":"mllw","DataSource":"vdatum","LastUpdate":"20260331205909"},"geometry":{"type":"Polygon","coordinates":[[[-78.31,33.83],[-75.45949999999999,33.83],[-75.45949999999999,36.78],[-78.31,36.78],[-78.31,33.83]]]}},{"type":"Feature","properties":{"Name":"vdatum\\NCinnerbays10_8301\\NCinnerbays10_8301.gtx","ID":"NCinnerbays10_8301","Agency":"NOAA","DataLink":"https://vdatum.noaa.gov/download/data/NCinnerbays10_8301.zip","DataType":"tss","DataSource":"vdatum","LastUpdate":"20260331205909"},"geometry":{"type":"Polygon","coordinates":[[[-78.31,33.83],[-75.45949999999999,33.83],[-75.45949999999999,36.78],[-78.31,36.78],[-78.31,33.83]]]}},{"type":"Feature","properties":{"Name":"vdatum\\NCinnerbays10_8301\\NCinnerbays10_8301.gtx","ID":"NCinnerbays10_8301","Agency":"NOAA","DataLink":"https://vdatum.noaa.gov/download/data/NCinnerbays10_8301.zip","DataType":"mtl","DataSource":"vdatum","LastUpdate":"20260331205909"},"geometry":{"type":"Polygon","coordinates":[[[-78.31,33.83],[-75.45949999999999,33.83],[-75.45949999999999,36.78],[-78.31,36.78],[-78.31,33.83]]]}},{"type":"Feature","properties":{"Name":"vdatum\\NJVA_mab11_8301\\NJVA_mab11_8301.gtx","ID":"NJVA_mab11_8301","Agency":"NOAA","DataLink":"https://vdatum.noaa.gov/download/data/NJVA_mab11_8301.zip","DataType":"mhw","DataSource":"vdatum","LastUpdate":"20260331205909"},"geometry":{"type":"Polygon","coordinates":[[[-75.73000000000002,35.93],[-72.75,35.93],[-72.75,40.062],[-75.73000000000002,40.062],[-75.73000000000002,35.93]]]}},{"type":"Feature","properties":{"Name":"vdatum\\NJVA_mab11_8301\\NJVA_mab11_8301.gtx","ID":"NJVA_mab11_8301","Agency":"NOAA","DataLink":"https://vdatum.noaa.gov/download/data/NJVA_mab11_8301.zip","DataType":"mhhw","DataSource":"vdatum","LastUpdate":"20260331205909"},"geometry":{"type":"Polygon","coordinates":[[[-75.73000000000002,35.93],[-72.75,35.93],[-72.75,40.062],[-75.73000000000002,40.062],[-75.73000000000002,35.93]]]}},{"type":"Feature","properties":{"Name":"vdatum\\NJVA_mab11_8301\\NJVA_mab11_8301.gtx","ID":"NJVA_mab11_8301","Agency":"NOAA","DataLink":"https://vdatum.noaa.gov/download/data/NJVA_mab11_8301.zip","DataType":"mlw","DataSource":"vdatum","LastUpdate":"20260331205909"},"geometry":{"type":"Polygon","coordinates":[[[-75.73000000000002,35.93],[-72.75,35.93],[-72.75,40.062],[-75.73000000000002,40.062],[-75.73000000000002,35.93]]]}},{"type":"Feature","properties":{"Name":"vdatum\\NJVA_mab11_8301\\NJVA_mab11_8301.gtx","ID":"NJVA_mab11_8301","Agency":"NOAA","DataLink":"https://vdatum.noaa.gov/download/data/NJVA_mab11_8301.zip","DataType":"mllw","DataSource":"vdatum","LastUpdate":"20260331205909"},"geometry":{"type":"Polygon","coordinates":[[[-75.73000000000002,35.93],[-72.75,35.93],[-72.75,40.062],[-75.73000000000002,40.062],[-75.73000000000002,35.93]]]}},{"type":"Feature","properties":{"Name":"vdatum\\NJVA_mab11_8301\\NJVA_mab11_8301.gtx","ID":"NJVA_mab11_8301","Agency":"NOAA","DataLink":"https://vdatum.noaa.gov/download/data/NJVA_mab11_8301.zip","DataType":"tss","DataSource":"vdatum","LastUpdate":"20260331205909"},"geometry":{"type":"Polygon","coordinates":[[[-75.73000000000002,35.93],[-72.75,35.93],[-72.75,40.062],[-75.73000000000002,40.062],[-75.73000000000002,35.93]]]}},{"type":"Feature","properties":{"Name":"vdatum\\NJVA_mab11_8301\\NJVA_mab11_8301.gtx","ID":"NJVA_mab11_8301","Agency":"NOAA","DataLink":"https://vdatum.noaa.gov/download/data/NJVA_mab11_8301.zip","DataType":"mtl","DataSource":"vdatum","LastUpdate":"20260331205909"},"geometry":{"type":"Polygon","coordinates":[[[-75.73000000000002,35.93],[-72.75,35.93],[-72.75,40.062],[-75.73000000000002,40.062],[-75.73000000000002,35.93]]]}},{"type":"Feature","properties":{"Name":"NJVAmab12_8301.gtx","ID":"NJVAmab12_8301","Agency":"NOAA","DataLink":"https://vdatum.noaa.gov/download/data/NJVAmab12_8301.zip","DataType":"mhw","DataSource":"vdatum","LastUpdate":"20260331205909"},"geometry":{"type":"Polygon","coordinates":[[[-75.73000000000002,35.93],[-72.75,35.93],[-72.75,40.062],[-75.73000000000002,40.062],[-75.73000000000002,35.93]]]}},{"type":"Feature","properties":{"Name":"NJVAmab12_8301.gtx","ID":"NJVAmab12_8301","Agency":"NOAA","DataLink":"https://vdatum.noaa.gov/download/data/NJVAmab12_8301.zip","DataType":"mhhw","DataSource":"vdatum","LastUpdate":"20260331205909"},"geometry":{"type":"Polygon","coordinates":[[[-75.73000000000002,35.93],[-72.75,35.93],[-72.75,40.062],[-75.73000000000002,40.062],[-75.73000000000002,35.93]]]}},{"type":"Feature","properties":{"Name":"NJVAmab12_8301.gtx","ID":"NJVAmab12_8301","Agency":"NOAA","DataLink":"https://vdatum.noaa.gov/download/data/NJVAmab12_8301.zip","DataType":"mlw","DataSource":"vdatum","LastUpdate":"20260331205909"},"geometry":{"type":"Polygon","coordinates":[[[-75.73000000000002,35.93],[-72.75,35.93],[-72.75,40.062],[-75.73000000000002,40.062],[-75.73000000000002,35.93]]]}},{"type":"Feature","properties":{"Name":"NJVAmab12_8301.gtx","ID":"NJVAmab12_8301","Agency":"NOAA","DataLink":"https://vdatum.noaa.gov/download/data/NJVAmab12_8301.zip","DataType":"mllw","DataSource":"vdatum","LastUpdate":"20260331205909"},"geometry":{"type":"Polygon","coordinates":[[[-75.73000000000002,35.93],[-72.75,35.93],[-72.75,40.062],[-75.73000000000002,40.062],[-75.73000000000002,35.93]]]}},{"type":"Feature","properties":{"Name":"NJVAmab12_8301.gtx","ID":"NJVAmab12_8301","Agency":"NOAA","DataLink":"https://vdatum.noaa.gov/download/data/NJVAmab12_8301.zip","DataType":"tss","DataSource":"vdatum","LastUpdate":"20260331205909"},"geometry":{"type":"Polygon","coordinates":[[[-75.73000000000002,35.93],[-72.75,35.93],[-72.75,40.062],[-75.73000000000002,40.062],[-75.73000000000002,35.93]]]}},{"type":"Feature","properties":{"Name":"NJVAmab12_8301.gtx","ID":"NJVAmab12_8301","Agency":"NOAA","DataLink":"https://vdatum.noaa.gov/download/data/NJVAmab12_8301.zip","DataType":"mtl","DataSource":"vdatum","LastUpdate":"20260331205909"},"geometry":{"type":"Polygon","coordinates":[[[-75.73000000000002,35.93],[-72.75,35.93],[-72.75,40.062],[-75.73000000000002,40.062],[-75.73000000000002,35.93]]]}},{"type":"Feature","properties":{"Name":"NJVAmab22_8301.gtx","ID":"NJVAmab22_8301","Agency":"NOAA","DataLink":"https://vdatum.noaa.gov/download/data/NJVAmab22_8301.zip","DataType":"mhw","DataSource":"vdatum","LastUpdate":"20260331205909"},"geometry":{"type":"Polygon","coordinates":[[[-75.73000000000002,35.93],[-72.75,35.93],[-72.75,39.458],[-75.73000000000002,39.458],[-75.73000000000002,35.93]]]}},{"type":"Feature","properties":{"Name":"NJVAmab22_8301.gtx","ID":"NJVAmab22_8301","Agency":"NOAA","DataLink":"https://vdatum.noaa.gov/download/data/NJVAmab22_8301.zip","DataType":"mhhw","DataSource":"vdatum","LastUpdate":"20260331205909"},"geometry":{"type":"Polygon","coordinates":[[[-75.73000000000002,35.93],[-72.75,35.93],[-72.75,39.458],[-75.73000000000002,39.458],[-75.73000000000002,35.93]]]}},{"type":"Feature","properties":{"Name":"NJVAmab22_8301.gtx","ID":"NJVAmab22_8301","Agency":"NOAA","DataLink":"https://vdatum.noaa.gov/download/data/NJVAmab22_8301.zip","DataType":"mlw","DataSource":"vdatum","LastUpdate":"20260331205909"},"geometry":{"type":"Polygon","coordinates":[[[-75.73000000000002,35.93],[-72.75,35.93],[-72.75,39.458],[-75.73000000000002,39.458],[-75.73000000000002,35.93]]]}},{"type":"Feature","properties":{"Name":"NJVAmab22_8301.gtx","ID":"NJVAmab22_8301","Agency":"NOAA","DataLink":"https://vdatum.noaa.gov/download/data/NJVAmab22_8301.zip","DataType":"mllw","DataSource":"vdatum","LastUpdate":"20260331205909"},"geometry":{"type":"Polygon","coordinates":[[[-75.73000000000002,35.93],[-72.75,35.93],[-72.75,39.458],[-75.73000000000002,39.458],[-75.73000000000002,35.93]]]}},{"type":"Feature","properties":{"Name":"NJVAmab22_8301.gtx","ID":"NJVAmab22_8301","Agency":"NOAA","DataLink":"https://vdatum.noaa.gov/download/data/NJVAmab22_8301.zip","DataType":"tss","DataSource":"vdatum","LastUpdate":"20260331205909"},"geometry":{"type":"Polygon","coordinates":[[[-75.73000000000002,35.93],[-72.75,35.93],[-72.75,39.458],[-75.73000000000002,39.458],[-75.73000000000002,35.93]]]}},{"type":"Feature","properties":{"Name":"NJVAmab22_8301.gtx","ID":"NJVAmab22_8301","Agency":"NOAA","DataLink":"https://vdatum.noaa.gov/download/data/NJVAmab22_8301.zip","DataType":"mtl","DataSource":"vdatum","LastUpdate":"20260331205909"},"geometry":{"type":"Polygon","coordinates":[[[-75.73000000000002,35.93],[-72.75,35.93],[-72.75,39.458],[-75.73000000000002,39.458],[-75.73000000000002,35.93]]]}},{"type":"Feature","properties":{"Name":"NJVAmab33_8301.gtx","ID":"NJVAmab33_8301","Agency":"NOAA","DataLink":"https://vdatum.noaa.gov/download/data/NJVAmab33_8301.zip","DataType":"mhw","DataSource":"vdatum","LastUpdate":"20260331205909"},"geometry":{"type":"Polygon","coordinates":[[[-75.72000000000003,36.744],[-73.58999999999997,36.744],[-73.58999999999997,39.364],[-75.72000000000003,39.364],[-75.72000000000003,36.744]]]}},{"type":"Feature","properties":{"Name":"NJVAmab33_8301.gtx","ID":"NJVAmab33_8301","Agency":"NOAA","DataLink":"https://vdatum.noaa.gov/download/data/NJVAmab33_8301.zip","DataType":"mhhw","DataSource":"vdatum","LastUpdate":"20260331205909"},"geometry":{"type":"Polygon","coordinates":[[[-75.72000000000003,36.744],[-73.58999999999997,36.744],[-73.58999999999997,39.364],[-75.72000000000003,39.364],[-75.72000000000003,36.744]]]}},{"type":"Feature","properties":{"Name":"NJVAmab33_8301.gtx","ID":"NJVAmab33_8301","Agency":"NOAA","DataLink":"https://vdatum.noaa.gov/download/data/NJVAmab33_8301.zip","DataType":"mlw","DataSource":"vdatum","LastUpdate":"20260331205909"},"geometry":{"type":"Polygon","coordinates":[[[-75.72000000000003,36.744],[-73.58999999999997,36.744],[-73.58999999999997,39.364],[-75.72000000000003,39.364],[-75.72000000000003,36.744]]]}},{"type":"Feature","properties":{"Name":"NJVAmab33_8301.gtx","ID":"NJVAmab33_8301","Agency":"NOAA","DataLink":"https://vdatum.noaa.gov/download/data/NJVAmab33_8301.zip","DataType":"mllw","DataSource":"vdatum","LastUpdate":"20260331205909"},"geometry":{"type":"Polygon","coordinates":[[[-75.72000000000003,36.744],[-73.58999999999997,36.744],[-73.58999999999997,39.364],[-75.72000000000003,39.364],[-75.72000000000003,36.744]]]}},{"type":"Feature","properties":{"Name":"NJVAmab33_8301.gtx","ID":"NJVAmab33_8301","Agency":"NOAA","DataLink":"https://vdatum.noaa.gov/download/data/NJVAmab33_8301.zip","DataType":"tss","DataSource":"vdatum","LastUpdate":"20260331205909"},"geometry":{"type":"Polygon","coordinates":[[[-75.72000000000003,36.744],[-73.58999999999997,36.744],[-73.58999999999997,39.364],[-75.72000000000003,39.364],[-75.72000000000003,36.744]]]}},{"type":"Feature","properties":{"Name":"NJVAmab33_8301.gtx","ID":"NJVAmab33_8301","Agency":"NOAA","DataLink":"https://vdatum.noaa.gov/download/data/NJVAmab33_8301.zip","DataType":"mtl","DataSource":"vdatum","LastUpdate":"20260331205909"},"geometry":{"type":"Polygon","coordinates":[[[-75.72000000000003,36.744],[-73.58999999999997,36.744],[-73.58999999999997,39.364],[-75.72000000000003,39.364],[-75.72000000000003,36.744]]]}},{"type":"Feature","properties":{"Name":"vdatum\\NJcstemb11_8301\\NJcstemb11_8301.gtx","ID":"NJcstemb11_8301","Agency":"NOAA","DataLink":"https://vdatum.noaa.gov/download/data/NJcstemb11_8301.zip","DataType":"mhw","DataSource":"vdatum","LastUpdate":"20260331205909"},"geometry":{"type":"Polygon","coordinates":[[[-74.93,38.92],[-74.04000000000002,38.92],[-74.04000000000002,40.07],[-74.93,40.07],[-74.93,38.92]]]}},{"type":"Feature","properties":{"Name":"vdatum\\NJcstemb11_8301\\NJcstemb11_8301.gtx","ID":"NJcstemb11_8301","Agency":"NOAA","DataLink":"https://vdatum.noaa.gov/download/data/NJcstemb11_8301.zip","DataType":"mhhw","DataSource":"vdatum","LastUpdate":"20260331205909"},"geometry":{"type":"Polygon","coordinates":[[[-74.93,38.92],[-74.04000000000002,38.92],[-74.04000000000002,40.07],[-74.93,40.07],[-74.93,38.92]]]}},{"type":"Feature","properties":{"Name":"vdatum\\NJcstemb11_8301\\NJcstemb11_8301.gtx","ID":"NJcstemb11_8301","Agency":"NOAA","DataLink":"https://vdatum.noaa.gov/download/data/NJcstemb11_8301.zip","DataType":"mlw","DataSource":"vdatum","LastUpdate":"20260331205909"},"geometry":{"type":"Polygon","coordinates":[[[-74.93,38.92],[-74.04000000000002,38.92],[-74.04000000000002,40.07],[-74.93,40.07],[-74.93,38.92]]]}},{"type":"Feature","properties":{"Name":"vdatum\\NJcstemb11_8301\\NJcstemb11_8301.gtx","ID":"NJcstemb11_8301","Agency":"NOAA","DataLink":"https://vdatum.noaa.gov/download/data/NJcstemb11_8301.zip","DataType":"mllw","DataSource":"vdatum","LastUpdate":"20260331205909"},"geometry":{"type":"Polygon","coordinates":[[[-74.93,38.92],[-74.04000000000002,38.92],[-74.04000000000002,40.07],[-74.93,40.07],[-74.93,38.92]]]}},{"type":"Feature","properties":{"Name":"vdatum\\NJcstemb11_8301\\NJcstemb11_8301.gtx","ID":"NJcstemb11_8301","Agency":"NOAA","DataLink":"https://vdatum.noaa.gov/download/data/NJcstemb11_8301.zip","DataType":"tss","DataSource":"vdatum","LastUpdate":"20260331205909"},"geometry":{"type":"Polygon","coordinates":[[[-74.93,38.92],[-74.04000000000002,38.92],[-74.04000000000002,40.07],[-74.93,40.07],[-74.93,38.92]]]}},{"type":"Feature","properties":{"Name":"vdatum\\NJcstemb11_8301\\NJcstemb11_8301.gtx","ID":"NJcstemb11_8301","Agency":"NOAA","DataLink":"https://vdatum.noaa.gov/download/data/NJcstemb11_8301.zip","DataType":"mtl","DataSource":"vdatum","LastUpdate":"20260331205909"},"geometry":{"type":"Polygon","coordinates":[[[-74.93,38.92],[-74.04000000000002,38.92],[-74.04000000000002,40.07],[-74.93,40.07],[-74.93,38.92]]]}},{"type":"Feature","properties":{"Name":"NJcstemb12_8301.gtx","ID":"NJcstemb12_8301","Agency":"NOAA","DataLink":"https://vdatum.noaa.gov/download/data/NJcstemb12_8301.zip","DataType":"mhw","DataSource":"vdatum","LastUpdate":"20260331205909"},"geometry":{"type":"Polygon","coordinates":[[[-74.93,38.92],[-74.04000000000002,38.92],[-74.04000000000002,40.07],[-74.93,40.07],[-74.93,38.92]]]}},{"type":"Feature","properties":{"Name":"NJcstemb12_8301.gtx","ID":"NJcstemb12_8301","Agency":"NOAA","DataLink":"https://vdatum.noaa.gov/download/data/NJcstemb12_8301.zip","DataType":"mhhw","DataSource":"vdatum","LastUpdate":"20260331205909"},"geometry":{"type":"Polygon","coordinates":[[[-74.93,38.92],[-74.04000000000002,38.92],[-74.04000000000002,40.07],[-74.93,40.07],[-74.93,38.92]]]}},{"type":"Feature","properties":{"Name":"NJcstemb12_8301.gtx","ID":"NJcstemb12_8301","Agency":"NOAA","DataLink":"https://vdatum.noaa.gov/download/data/NJcstemb12_8301.zip","DataType":"mlw","DataSource":"vdatum","LastUpdate":"20260331205909"},"geometry":{"type":"Polygon","coordinates":[[[-74.93,38.92],[-74.04000000000002,38.92],[-74.04000000000002,40.07],[-74.93,40.07],[-74.93,38.92]]]}},{"type":"Feature","properties":{"Name":"NJcstemb12_8301.gtx","ID":"NJcstemb12_8301","Agency":"NOAA","DataLink":"https://vdatum.noaa.gov/download/data/NJcstemb12_8301.zip","DataType":"mllw","DataSource":"vdatum","LastUpdate":"20260331205909"},"geometry":{"type":"Polygon","coordinates":[[[-74.93,38.92],[-74.04000000000002,38.92],[-74.04000000000002,40.07],[-74.93,40.07],[-74.93,38.92]]]}},{"type":"Feature","properties":{"Name":"NJcstemb12_8301.gtx","ID":"NJcstemb12_8301","Agency":"NOAA","DataLink":"https://vdatum.noaa.gov/download/data/NJcstemb12_8301.zip","DataType":"tss","DataSource":"vdatum","LastUpdate":"20260331205909"},"geometry":{"type":"Polygon","coordinates":[[[-74.93,38.92],[-74.04000000000002,38.92],[-74.04000000000002,40.07],[-74.93,40.07],[-74.93,38.92]]]}},{"type":"Feature","properties":{"Name":"NJcstemb12_8301.gtx","ID":"NJcstemb12_8301","Agency":"NOAA","DataLink":"https://vdatum.noaa.gov/download/data/NJcstemb12_8301.zip","DataType":"mtl","DataSource":"vdatum","LastUpdate":"20260331205909"},"geometry":{"type":"Polygon","coordinates":[[[-74.93,38.92],[-74.04000000000002,38.92],[-74.04000000000002,40.07],[-74.93,40.07],[-74.93,38.92]]]}},{"type":"Feature","properties":{"Name":"NJncstemb11_8301.gtx","ID":"NJncstemb11_8301","Agency":"NOAA","DataLink":"https://vdatum.noaa.gov/download/data/NJncstemb11_8301.zip","DataType":"mhw","DataSource":"vdatum","LastUpdate":"20260331205909"},"geometry":{"type":"Polygon","coordinates":[[[-74.57209999999998,39.2803],[-73.97210000000001,39.2803],[-73.97210000000001,40.9499],[-74.57209999999998,40.9499],[-74.57209999999998,39.2803]]]}},{"type":"Feature","properties":{"Name":"NJncstemb11_8301.gtx","ID":"NJncstemb11_8301","Agency":"NOAA","DataLink":"https://vdatum.noaa.gov/download/data/NJncstemb11_8301.zip","DataType":"mhhw","DataSource":"vdatum","LastUpdate":"20260331205909"},"geometry":{"type":"Polygon","coordinates":[[[-74.57209999999998,39.2803],[-73.97210000000001,39.2803],[-73.97210000000001,40.9499],[-74.57209999999998,40.9499],[-74.57209999999998,39.2803]]]}},{"type":"Feature","properties":{"Name":"NJncstemb11_8301.gtx","ID":"NJncstemb11_8301","Agency":"NOAA","DataLink":"https://vdatum.noaa.gov/download/data/NJncstemb11_8301.zip","DataType":"mlw","DataSource":"vdatum","LastUpdate":"20260331205909"},"geometry":{"type":"Polygon","coordinates":[[[-74.57209999999998,39.2803],[-73.97210000000001,39.2803],[-73.97210000000001,40.9499],[-74.57209999999998,40.9499],[-74.57209999999998,39.2803]]]}},{"type":"Feature","properties":{"Name":"NJncstemb11_8301.gtx","ID":"NJncstemb11_8301","Agency":"NOAA","DataLink":"https://vdatum.noaa.gov/download/data/NJncstemb11_8301.zip","DataType":"mllw","DataSource":"vdatum","LastUpdate":"20260331205909"},"geometry":{"type":"Polygon","coordinates":[[[-74.57209999999998,39.2803],[-73.97210000000001,39.2803],[-73.97210000000001,40.9499],[-74.57209999999998,40.9499],[-74.57209999999998,39.2803]]]}},{"type":"Feature","properties":{"Name":"NJncstemb11_8301.gtx","ID":"NJncstemb11_8301","Agency":"NOAA","DataLink":"https://vdatum.noaa.gov/download/data/NJncstemb11_8301.zip","DataType":"tss","DataSource":"vdatum","LastUpdate":"20260331205909"},"geometry":{"type":"Polygon","coordinates":[[[-74.57209999999998,39.2803],[-73.97210000000001,39.2803],[-73.97210000000001,40.9499],[-74.57209999999998,40.9499],[-74.57209999999998,39.2803]]]}},{"type":"Feature","properties":{"Name":"NJncstemb11_8301.gtx","ID":"NJncstemb11_8301","Agency":"NOAA","DataLink":"https://vdatum.noaa.gov/download/data/NJncstemb11_8301.zip","DataType":"mtl","DataSource":"vdatum","LastUpdate":"20260331205909"},"geometry":{"type":"Polygon","coordinates":[[[-74.57209999999998,39.2803],[-73.97210000000001,39.2803],[-73.97210000000001,40.9499],[-74.57209999999998,40.9499],[-74.57209999999998,39.2803]]]}},{"type":"Feature","properties":{"Name":"NJncstemb12_8301.gtx","ID":"NJncstemb12_8301","Agency":"NOAA","DataLink":"https://vdatum.noaa.gov/download/data/NJncstemb12_8301.zip","DataType":"mhw","DataSource":"vdatum","LastUpdate":"20260331205909"},"geometry":{"type":"Polygon","coordinates":[[[-74.57209999999998,39.2803],[-73.97210000000001,39.2803],[-73.97210000000001,40.9499],[-74.57209999999998,40.9499],[-74.57209999999998,39.2803]]]}},{"type":"Feature","properties":{"Name":"NJncstemb12_8301.gtx","ID":"NJncstemb12_8301","Agency":"NOAA","DataLink":"https://vdatum.noaa.gov/download/data/NJncstemb12_8301.zip","DataType":"mhhw","DataSource":"vdatum","LastUpdate":"20260331205909"},"geometry":{"type":"Polygon","coordinates":[[[-74.57209999999998,39.2803],[-73.97210000000001,39.2803],[-73.97210000000001,40.9499],[-74.57209999999998,40.9499],[-74.57209999999998,39.2803]]]}},{"type":"Feature","properties":{"Name":"NJncstemb12_8301.gtx","ID":"NJncstemb12_8301","Agency":"NOAA","DataLink":"https://vdatum.noaa.gov/download/data/NJncstemb12_8301.zip","DataType":"mlw","DataSource":"vdatum","LastUpdate":"20260331205909"},"geometry":{"type":"Polygon","coordinates":[[[-74.57209999999998,39.2803],[-73.97210000000001,39.2803],[-73.97210000000001,40.9499],[-74.57209999999998,40.9499],[-74.57209999999998,39.2803]]]}},{"type":"Feature","properties":{"Name":"NJncstemb12_8301.gtx","ID":"NJncstemb12_8301","Agency":"NOAA","DataLink":"https://vdatum.noaa.gov/download/data/NJncstemb12_8301.zip","DataType":"mllw","DataSource":"vdatum","LastUpdate":"20260331205909"},"geometry":{"type":"Polygon","coordinates":[[[-74.57209999999998,39.2803],[-73.97210000000001,39.2803],[-73.97210000000001,40.9499],[-74.57209999999998,40.9499],[-74.57209999999998,39.2803]]]}},{"type":"Feature","properties":{"Name":"NJncstemb12_8301.gtx","ID":"NJncstemb12_8301","Agency":"NOAA","DataLink":"https://vdatum.noaa.gov/download/data/NJncstemb12_8301.zip","DataType":"tss","DataSource":"vdatum","LastUpdate":"20260331205909"},"geometry":{"type":"Polygon","coordinates":[[[-74.57209999999998,39.2803],[-73.97210000000001,39.2803],[-73.97210000000001,40.9499],[-74.57209999999998,40.9499],[-74.57209999999998,39.2803]]]}},{"type":"Feature","properties":{"Name":"NJncstemb12_8301.gtx","ID":"NJncstemb12_8301","Agency":"NOAA","DataLink":"https://vdatum.noaa.gov/download/data/NJncstemb12_8301.zip","DataType":"mtl","DataSource":"vdatum","LastUpdate":"20260331205909"},"geometry":{"type":"Polygon","coordinates":[[[-74.57209999999998,39.2803],[-73.97210000000001,39.2803],[-73.97210000000001,40.9499],[-74.57209999999998,40.9499],[-74.57209999999998,39.2803]]]}},{"type":"Feature","properties":{"Name":"NJscstemb21_8301.gtx","ID":"NJscstemb21_8301","Agency":"NOAA","DataLink":"https://vdatum.noaa.gov/download/data/NJscstemb21_8301.zip","DataType":"mhw","DataSource":"vdatum","LastUpdate":"20260331205909"},"geometry":{"type":"Polygon","coordinates":[[[-74.93,38.92],[-74.36000000000001,38.92],[-74.36000000000001,39.462],[-74.93,39.462],[-74.93,38.92]]]}},{"type":"Feature","properties":{"Name":"NJscstemb21_8301.gtx","ID":"NJscstemb21_8301","Agency":"NOAA","DataLink":"https://vdatum.noaa.gov/download/data/NJscstemb21_8301.zip","DataType":"mhhw","DataSource":"vdatum","LastUpdate":"20260331205909"},"geometry":{"type":"Polygon","coordinates":[[[-74.93,38.92],[-74.36000000000001,38.92],[-74.36000000000001,39.462],[-74.93,39.462],[-74.93,38.92]]]}},{"type":"Feature","properties":{"Name":"NJscstemb21_8301.gtx","ID":"NJscstemb21_8301","Agency":"NOAA","DataLink":"https://vdatum.noaa.gov/download/data/NJscstemb21_8301.zip","DataType":"mlw","DataSource":"vdatum","LastUpdate":"20260331205909"},"geometry":{"type":"Polygon","coordinates":[[[-74.93,38.92],[-74.36000000000001,38.92],[-74.36000000000001,39.462],[-74.93,39.462],[-74.93,38.92]]]}},{"type":"Feature","properties":{"Name":"NJscstemb21_8301.gtx","ID":"NJscstemb21_8301","Agency":"NOAA","DataLink":"https://vdatum.noaa.gov/download/data/NJscstemb21_8301.zip","DataType":"mllw","DataSource":"vdatum","LastUpdate":"20260331205909"},"geometry":{"type":"Polygon","coordinates":[[[-74.93,38.92],[-74.36000000000001,38.92],[-74.36000000000001,39.462],[-74.93,39.462],[-74.93,38.92]]]}},{"type":"Feature","properties":{"Name":"NJscstemb21_8301.gtx","ID":"NJscstemb21_8301","Agency":"NOAA","DataLink":"https://vdatum.noaa.gov/download/data/NJscstemb21_8301.zip","DataType":"tss","DataSource":"vdatum","LastUpdate":"20260331205909"},"geometry":{"type":"Polygon","coordinates":[[[-74.93,38.92],[-74.36000000000001,38.92],[-74.36000000000001,39.462],[-74.93,39.462],[-74.93,38.92]]]}},{"type":"Feature","properties":{"Name":"NJscstemb21_8301.gtx","ID":"NJscstemb21_8301","Agency":"NOAA","DataLink":"https://vdatum.noaa.gov/download/data/NJscstemb21_8301.zip","DataType":"mtl","DataSource":"vdatum","LastUpdate":"20260331205909"},"geometry":{"type":"Polygon","coordinates":[[[-74.93,38.92],[-74.36000000000001,38.92],[-74.36000000000001,39.462],[-74.93,39.462],[-74.93,38.92]]]}},{"type":"Feature","properties":{"Name":"NJscstemb32_8301.gtx","ID":"NJscstemb32_8301","Agency":"NOAA","DataLink":"https://vdatum.noaa.gov/download/data/NJscstemb32_8301.zip","DataType":"mhw","DataSource":"vdatum","LastUpdate":"20260331205909"},"geometry":{"type":"Polygon","coordinates":[[[-74.92200000000003,38.898],[-74.35849999999999,38.898],[-74.35849999999999,39.467],[-74.92200000000003,39.467],[-74.92200000000003,38.898]]]}},{"type":"Feature","properties":{"Name":"NJscstemb32_8301.gtx","ID":"NJscstemb32_8301","Agency":"NOAA","DataLink":"https://vdatum.noaa.gov/download/data/NJscstemb32_8301.zip","DataType":"mhhw","DataSource":"vdatum","LastUpdate":"20260331205909"},"geometry":{"type":"Polygon","coordinates":[[[-74.92200000000003,38.898],[-74.35849999999999,38.898],[-74.35849999999999,39.467],[-74.92200000000003,39.467],[-74.92200000000003,38.898]]]}},{"type":"Feature","properties":{"Name":"NJscstemb32_8301.gtx","ID":"NJscstemb32_8301","Agency":"NOAA","DataLink":"https://vdatum.noaa.gov/download/data/NJscstemb32_8301.zip","DataType":"mlw","DataSource":"vdatum","LastUpdate":"20260331205909"},"geometry":{"type":"Polygon","coordinates":[[[-74.92200000000003,38.898],[-74.35849999999999,38.898],[-74.35849999999999,39.467],[-74.92200000000003,39.467],[-74.92200000000003,38.898]]]}},{"type":"Feature","properties":{"Name":"NJscstemb32_8301.gtx","ID":"NJscstemb32_8301","Agency":"NOAA","DataLink":"https://vdatum.noaa.gov/download/data/NJscstemb32_8301.zip","DataType":"mllw","DataSource":"vdatum","LastUpdate":"20260331205909"},"geometry":{"type":"Polygon","coordinates":[[[-74.92200000000003,38.898],[-74.35849999999999,38.898],[-74.35849999999999,39.467],[-74.92200000000003,39.467],[-74.92200000000003,38.898]]]}},{"type":"Feature","properties":{"Name":"NJscstemb32_8301.gtx","ID":"NJscstemb32_8301","Agency":"NOAA","DataLink":"https://vdatum.noaa.gov/download/data/NJscstemb32_8301.zip","DataType":"tss","DataSource":"vdatum","LastUpdate":"20260331205909"},"geometry":{"type":"Polygon","coordinates":[[[-74.92200000000003,38.898],[-74.35849999999999,38.898],[-74.35849999999999,39.467],[-74.92200000000003,39.467],[-74.92200000000003,38.898]]]}},{"type":"Feature","properties":{"Name":"NJscstemb32_8301.gtx","ID":"NJscstemb32_8301","Agency":"NOAA","DataLink":"https://vdatum.noaa.gov/download/data/NJscstemb32_8301.zip","DataType":"mtl","DataSource":"vdatum","LastUpdate":"20260331205909"},"geometry":{"type":"Polygon","coordinates":[[[-74.92200000000003,38.898],[-74.35849999999999,38.898],[-74.35849999999999,39.467],[-74.92200000000003,39.467],[-74.92200000000003,38.898]]]}},{"type":"Feature","properties":{"Name":"vdatum\\NYNJ_hbr21_8301\\NYNJ_hbr21_8301.gtx","ID":"NYNJ_hbr21_8301","Agency":"NOAA","DataLink":"https://vdatum.noaa.gov/download/data/NYNJ_hbr21_8301.zip","DataType":"mhw","DataSource":"vdatum","LastUpdate":"20260331205909"},"geometry":{"type":"Polygon","coordinates":[[[-74.36590000000001,39.3519],[-70.99990000000003,39.3519],[-70.99990000000003,42.0005],[-74.36590000000001,42.0005],[-74.36590000000001,39.3519]]]}},{"type":"Feature","properties":{"Name":"vdatum\\NYNJ_hbr21_8301\\NYNJ_hbr21_8301.gtx","ID":"NYNJ_hbr21_8301","Agency":"NOAA","DataLink":"https://vdatum.noaa.gov/download/data/NYNJ_hbr21_8301.zip","DataType":"mhhw","DataSource":"vdatum","LastUpdate":"20260331205909"},"geometry":{"type":"Polygon","coordinates":[[[-74.36590000000001,39.3519],[-70.99990000000003,39.3519],[-70.99990000000003,42.0005],[-74.36590000000001,42.0005],[-74.36590000000001,39.3519]]]}},{"type":"Feature","properties":{"Name":"vdatum\\NYNJ_hbr21_8301\\NYNJ_hbr21_8301.gtx","ID":"NYNJ_hbr21_8301","Agency":"NOAA","DataLink":"https://vdatum.noaa.gov/download/data/NYNJ_hbr21_8301.zip","DataType":"mlw","DataSource":"vdatum","LastUpdate":"20260331205909"},"geometry":{"type":"Polygon","coordinates":[[[-74.36590000000001,39.3519],[-70.99990000000003,39.3519],[-70.99990000000003,42.0005],[-74.36590000000001,42.0005],[-74.36590000000001,39.3519]]]}},{"type":"Feature","properties":{"Name":"vdatum\\NYNJ_hbr21_8301\\NYNJ_hbr21_8301.gtx","ID":"NYNJ_hbr21_8301","Agency":"NOAA","DataLink":"https://vdatum.noaa.gov/download/data/NYNJ_hbr21_8301.zip","DataType":"mllw","DataSource":"vdatum","LastUpdate":"20260331205909"},"geometry":{"type":"Polygon","coordinates":[[[-74.36590000000001,39.3519],[-70.99990000000003,39.3519],[-70.99990000000003,42.0005],[-74.36590000000001,42.0005],[-74.36590000000001,39.3519]]]}},{"type":"Feature","properties":{"Name":"vdatum\\NYNJ_hbr21_8301\\NYNJ_hbr21_8301.gtx","ID":"NYNJ_hbr21_8301","Agency":"NOAA","DataLink":"https://vdatum.noaa.gov/download/data/NYNJ_hbr21_8301.zip","DataType":"tss","DataSource":"vdatum","LastUpdate":"20260331205909"},"geometry":{"type":"Polygon","coordinates":[[[-74.36590000000001,39.3519],[-70.99990000000003,39.3519],[-70.99990000000003,42.0005],[-74.36590000000001,42.0005],[-74.36590000000001,39.3519]]]}},{"type":"Feature","properties":{"Name":"vdatum\\NYNJ_hbr21_8301\\NYNJ_hbr21_8301.gtx","ID":"NYNJ_hbr21_8301","Agency":"NOAA","DataLink":"https://vdatum.noaa.gov/download/data/NYNJ_hbr21_8301.zip","DataType":"mtl","DataSource":"vdatum","LastUpdate":"20260331205909"},"geometry":{"type":"Polygon","coordinates":[[[-74.36590000000001,39.3519],[-70.99990000000003,39.3519],[-70.99990000000003,42.0005],[-74.36590000000001,42.0005],[-74.36590000000001,39.3519]]]}},{"type":"Feature","properties":{"Name":"NYNJhbr22_8301.gtx","ID":"NYNJhbr22_8301","Agency":"NOAA","DataLink":"https://vdatum.noaa.gov/download/data/NYNJhbr22_8301.zip","DataType":"mhw","DataSource":"vdatum","LastUpdate":"20260331205909"},"geometry":{"type":"Polygon","coordinates":[[[-74.36590000000001,39.3519],[-70.99990000000003,39.3519],[-70.99990000000003,42.0005],[-74.36590000000001,42.0005],[-74.36590000000001,39.3519]]]}},{"type":"Feature","properties":{"Name":"NYNJhbr22_8301.gtx","ID":"NYNJhbr22_8301","Agency":"NOAA","DataLink":"https://vdatum.noaa.gov/download/data/NYNJhbr22_8301.zip","DataType":"mhhw","DataSource":"vdatum","LastUpdate":"20260331205909"},"geometry":{"type":"Polygon","coordinates":[[[-74.36590000000001,39.3519],[-70.99990000000003,39.3519],[-70.99990000000003,42.0005],[-74.36590000000001,42.0005],[-74.36590000000001,39.3519]]]}},{"type":"Feature","properties":{"Name":"NYNJhbr22_8301.gtx","ID":"NYNJhbr22_8301","Agency":"NOAA","DataLink":"https://vdatum.noaa.gov/download/data/NYNJhbr22_8301.zip","DataType":"mlw","DataSource":"vdatum","LastUpdate":"20260331205909"},"geometry":{"type":"Polygon","coordinates":[[[-74.36590000000001,39.3519],[-70.99990000000003,39.3519],[-70.99990000000003,42.0005],[-74.36590000000001,42.0005],[-74.36590000000001,39.3519]]]}},{"type":"Feature","properties":{"Name":"NYNJhbr22_8301.gtx","ID":"NYNJhbr22_8301","Agency":"NOAA","DataLink":"https://vdatum.noaa.gov/download/data/NYNJhbr22_8301.zip","DataType":"mllw","DataSource":"vdatum","LastUpdate":"20260331205909"},"geometry":{"type":"Polygon","coordinates":[[[-74.36590000000001,39.3519],[-70.99990000000003,39.3519],[-70.99990000000003,42.0005],[-74.36590000000001,42.0005],[-74.36590000000001,39.3519]]]}},{"type":"Feature","properties":{"Name":"NYNJhbr22_8301.gtx","ID":"NYNJhbr22_8301","Agency":"NOAA","DataLink":"https://vdatum.noaa.gov/download/data/NYNJhbr22_8301.zip","DataType":"tss","DataSource":"vdatum","LastUpdate":"20260331205909"},"geometry":{"type":"Polygon","coordinates":[[[-74.36590000000001,39.3519],[-70.99990000000003,39.3519],[-70.99990000000003,42.0005],[-74.36590000000001,42.0005],[-74.36590000000001,39.3519]]]}},{"type":"Feature","properties":{"Name":"NYNJhbr22_8301.gtx","ID":"NYNJhbr22_8301","Agency":"NOAA","DataLink":"https://vdatum.noaa.gov/download/data/NYNJhbr22_8301.zip","DataType":"mtl","DataSource":"vdatum","LastUpdate":"20260331205909"},"geometry":{"type":"Polygon","coordinates":[[[-74.36590000000001,39.3519],[-70.99990000000003,39.3519],[-70.99990000000003,42.0005],[-74.36590000000001,42.0005],[-74.36590000000001,39.3519]]]}},{"type":"Feature","properties":{"Name":"NYNJhbr33_8301.gtx","ID":"NYNJhbr33_8301","Agency":"NOAA","DataLink":"https://vdatum.noaa.gov/download/data/NYNJhbr33_8301.zip","DataType":"mhw","DataSource":"vdatum","LastUpdate":"20260331205909"},"geometry":{"type":"Polygon","coordinates":[[[-74.57209999999998,39.2803],[-73.50229999999999,39.2803],[-73.50229999999999,42.7663],[-74.57209999999998,42.7663],[-74.57209999999998,39.2803]]]}},{"type":"Feature","properties":{"Name":"NYNJhbr33_8301.gtx","ID":"NYNJhbr33_8301","Agency":"NOAA","DataLink":"https://vdatum.noaa.gov/download/data/NYNJhbr33_8301.zip","DataType":"mhhw","DataSource":"vdatum","LastUpdate":"20260331205909"},"geometry":{"type":"Polygon","coordinates":[[[-74.57209999999998,39.2803],[-73.50229999999999,39.2803],[-73.50229999999999,42.7663],[-74.57209999999998,42.7663],[-74.57209999999998,39.2803]]]}},{"type":"Feature","properties":{"Name":"NYNJhbr33_8301.gtx","ID":"NYNJhbr33_8301","Agency":"NOAA","DataLink":"https://vdatum.noaa.gov/download/data/NYNJhbr33_8301.zip","DataType":"mlw","DataSource":"vdatum","LastUpdate":"20260331205909"},"geometry":{"type":"Polygon","coordinates":[[[-74.57209999999998,39.2803],[-73.50229999999999,39.2803],[-73.50229999999999,42.7663],[-74.57209999999998,42.7663],[-74.57209999999998,39.2803]]]}},{"type":"Feature","properties":{"Name":"NYNJhbr33_8301.gtx","ID":"NYNJhbr33_8301","Agency":"NOAA","DataLink":"https://vdatum.noaa.gov/download/data/NYNJhbr33_8301.zip","DataType":"mllw","DataSource":"vdatum","LastUpdate":"20260331205909"},"geometry":{"type":"Polygon","coordinates":[[[-74.57209999999998,39.2803],[-73.50229999999999,39.2803],[-73.50229999999999,42.7663],[-74.57209999999998,42.7663],[-74.57209999999998,39.2803]]]}},{"type":"Feature","properties":{"Name":"NYNJhbr33_8301.gtx","ID":"NYNJhbr33_8301","Agency":"NOAA","DataLink":"https://vdatum.noaa.gov/download/data/NYNJhbr33_8301.zip","DataType":"tss","DataSource":"vdatum","LastUpdate":"20260331205909"},"geometry":{"type":"Polygon","coordinates":[[[-74.57209999999998,39.2803],[-73.50229999999999,39.2803],[-73.50229999999999,42.7663],[-74.57209999999998,42.7663],[-74.57209999999998,39.2803]]]}},{"type":"Feature","properties":{"Name":"NYNJhbr33_8301.gtx","ID":"NYNJhbr33_8301","Agency":"NOAA","DataLink":"https://vdatum.noaa.gov/download/data/NYNJhbr33_8301.zip","DataType":"mtl","DataSource":"vdatum","LastUpdate":"20260331205909"},"geometry":{"type":"Polygon","coordinates":[[[-74.57209999999998,39.2803],[-73.50229999999999,39.2803],[-73.50229999999999,42.7663],[-74.57209999999998,42.7663],[-74.57209999999998,39.2803]]]}},{"type":"Feature","properties":{"Name":"NYNJhbr34_8301.gtx","ID":"NYNJhbr34_8301","Agency":"NOAA","DataLink":"https://vdatum.noaa.gov/download/data/NYNJhbr34_8301.zip","DataType":"mhw","DataSource":"vdatum","LastUpdate":"20260331205909"},"geometry":{"type":"Polygon","coordinates":[[[-74.57209999999998,39.2803],[-73.50229999999999,39.2803],[-73.50229999999999,42.7663],[-74.57209999999998,42.7663],[-74.57209999999998,39.2803]]]}},{"type":"Feature","properties":{"Name":"NYNJhbr34_8301.gtx","ID":"NYNJhbr34_8301","Agency":"NOAA","DataLink":"https://vdatum.noaa.gov/download/data/NYNJhbr34_8301.zip","DataType":"mhhw","DataSource":"vdatum","LastUpdate":"20260331205909"},"geometry":{"type":"Polygon","coordinates":[[[-74.57209999999998,39.2803],[-73.50229999999999,39.2803],[-73.50229999999999,42.7663],[-74.57209999999998,42.7663],[-74.57209999999998,39.2803]]]}},{"type":"Feature","properties":{"Name":"NYNJhbr34_8301.gtx","ID":"NYNJhbr34_8301","Agency":"NOAA","DataLink":"https://vdatum.noaa.gov/download/data/NYNJhbr34_8301.zip","DataType":"mlw","DataSource":"vdatum","LastUpdate":"20260331205909"},"geometry":{"type":"Polygon","coordinates":[[[-74.57209999999998,39.2803],[-73.50229999999999,39.2803],[-73.50229999999999,42.7663],[-74.57209999999998,42.7663],[-74.57209999999998,39.2803]]]}},{"type":"Feature","properties":{"Name":"NYNJhbr34_8301.gtx","ID":"NYNJhbr34_8301","Agency":"NOAA","DataLink":"https://vdatum.noaa.gov/download/data/NYNJhbr34_8301.zip","DataType":"mllw","DataSource":"vdatum","LastUpdate":"20260331205909"},"geometry":{"type":"Polygon","coordinates":[[[-74.57209999999998,39.2803],[-73.50229999999999,39.2803],[-73.50229999999999,42.7663],[-74.57209999999998,42.7663],[-74.57209999999998,39.2803]]]}},{"type":"Feature","properties":{"Name":"NYNJhbr34_8301.gtx","ID":"NYNJhbr34_8301","Agency":"NOAA","DataLink":"https://vdatum.noaa.gov/download/data/NYNJhbr34_8301.zip","DataType":"tss","DataSource":"vdatum","LastUpdate":"20260331205909"},"geometry":{"type":"Polygon","coordinates":[[[-74.57209999999998,39.2803],[-73.50229999999999,39.2803],[-73.50229999999999,42.7663],[-74.57209999999998,42.7663],[-74.57209999999998,39.2803]]]}},{"type":"Feature","properties":{"Name":"NYNJhbr34_8301.gtx","ID":"NYNJhbr34_8301","Agency":"NOAA","DataLink":"https://vdatum.noaa.gov/download/data/NYNJhbr34_8301.zip","DataType":"mtl","DataSource":"vdatum","LastUpdate":"20260331205909"},"geometry":{"type":"Polygon","coordinates":[[[-74.57209999999998,39.2803],[-73.50229999999999,39.2803],[-73.50229999999999,42.7663],[-74.57209999999998,42.7663],[-74.57209999999998,39.2803]]]}},{"type":"Feature","properties":{"Name":"vdatum\\NYgr8bay21_8301\\NYgr8bay21_8301.gtx","ID":"NYgr8bay21_8301","Agency":"NOAA","DataLink":"https://vdatum.noaa.gov/download/data/NYgr8bay21_8301.zip","DataType":"mhw","DataSource":"vdatum","LastUpdate":"20260331205909"},"geometry":{"type":"Polygon","coordinates":[[[-74.36590000000001,39.3519],[-72.38999999999999,39.3519],[-72.38999999999999,40.91],[-74.36590000000001,40.91],[-74.36590000000001,39.3519]]]}},{"type":"Feature","properties":{"Name":"vdatum\\NYgr8bay21_8301\\NYgr8bay21_8301.gtx","ID":"NYgr8bay21_8301","Agency":"NOAA","DataLink":"https://vdatum.noaa.gov/download/data/NYgr8bay21_8301.zip","DataType":"mhhw","DataSource":"vdatum","LastUpdate":"20260331205909"},"geometry":{"type":"Polygon","coordinates":[[[-74.36590000000001,39.3519],[-72.38999999999999,39.3519],[-72.38999999999999,40.91],[-74.36590000000001,40.91],[-74.36590000000001,39.3519]]]}},{"type":"Feature","properties":{"Name":"vdatum\\NYgr8bay21_8301\\NYgr8bay21_8301.gtx","ID":"NYgr8bay21_8301","Agency":"NOAA","DataLink":"https://vdatum.noaa.gov/download/data/NYgr8bay21_8301.zip","DataType":"mlw","DataSource":"vdatum","LastUpdate":"20260331205909"},"geometry":{"type":"Polygon","coordinates":[[[-74.36590000000001,39.3519],[-72.38999999999999,39.3519],[-72.38999999999999,40.91],[-74.36590000000001,40.91],[-74.36590000000001,39.3519]]]}},{"type":"Feature","properties":{"Name":"vdatum\\NYgr8bay21_8301\\NYgr8bay21_8301.gtx","ID":"NYgr8bay21_8301","Agency":"NOAA","DataLink":"https://vdatum.noaa.gov/download/data/NYgr8bay21_8301.zip","DataType":"mllw","DataSource":"vdatum","LastUpdate":"20260331205909"},"geometry":{"type":"Polygon","coordinates":[[[-74.36590000000001,39.3519],[-72.38999999999999,39.3519],[-72.38999999999999,40.91],[-74.36590000000001,40.91],[-74.36590000000001,39.3519]]]}},{"type":"Feature","properties":{"Name":"vdatum\\NYgr8bay21_8301\\NYgr8bay21_8301.gtx","ID":"NYgr8bay21_8301","Agency":"NOAA","DataLink":"https://vdatum.noaa.gov/download/data/NYgr8bay21_8301.zip","DataType":"tss","DataSource":"vdatum","LastUpdate":"20260331205909"},"geometry":{"type":"Polygon","coordinates":[[[-74.36590000000001,39.3519],[-72.38999999999999,39.3519],[-72.38999999999999,40.91],[-74.36590000000001,40.91],[-74.36590000000001,39.3519]]]}},{"type":"Feature","properties":{"Name":"vdatum\\NYgr8bay21_8301\\NYgr8bay21_8301.gtx","ID":"NYgr8bay21_8301","Agency":"NOAA","DataLink":"https://vdatum.noaa.gov/download/data/NYgr8bay21_8301.zip","DataType":"mtl","DataSource":"vdatum","LastUpdate":"20260331205909"},"geometry":{"type":"Polygon","coordinates":[[[-74.36590000000001,39.3519],[-72.38999999999999,39.3519],[-72.38999999999999,40.91],[-74.36590000000001,40.91],[-74.36590000000001,39.3519]]]}},{"type":"Feature","properties":{"Name":"NYgr8bay22_8301.gtx","ID":"NYgr8bay22_8301","Agency":"NOAA","DataLink":"https://vdatum.noaa.gov/download/data/NYgr8bay22_8301.zip","DataType":"mhw","DataSource":"vdatum","LastUpdate":"20260331205909"},"geometry":{"type":"Polygon","coordinates":[[[-74.36590000000001,39.3519],[-72.38999999999999,39.3519],[-72.38999999999999,40.91],[-74.36590000000001,40.91],[-74.36590000000001,39.3519]]]}},{"type":"Feature","properties":{"Name":"NYgr8bay22_8301.gtx","ID":"NYgr8bay22_8301","Agency":"NOAA","DataLink":"https://vdatum.noaa.gov/download/data/NYgr8bay22_8301.zip","DataType":"mhhw","DataSource":"vdatum","LastUpdate":"20260331205909"},"geometry":{"type":"Polygon","coordinates":[[[-74.36590000000001,39.3519],[-72.38999999999999,39.3519],[-72.38999999999999,40.91],[-74.36590000000001,40.91],[-74.36590000000001,39.3519]]]}},{"type":"Feature","properties":{"Name":"NYgr8bay22_8301.gtx","ID":"NYgr8bay22_8301","Agency":"NOAA","DataLink":"https://vdatum.noaa.gov/download/data/NYgr8bay22_8301.zip","DataType":"mlw","DataSource":"vdatum","LastUpdate":"20260331205909"},"geometry":{"type":"Polygon","coordinates":[[[-74.36590000000001,39.3519],[-72.38999999999999,39.3519],[-72.38999999999999,40.91],[-74.36590000000001,40.91],[-74.36590000000001,39.3519]]]}},{"type":"Feature","properties":{"Name":"NYgr8bay22_8301.gtx","ID":"NYgr8bay22_8301","Agency":"NOAA","DataLink":"https://vdatum.noaa.gov/download/data/NYgr8bay22_8301.zip","DataType":"mllw","DataSource":"vdatum","LastUpdate":"20260331205909"},"geometry":{"type":"Polygon","coordinates":[[[-74.36590000000001,39.3519],[-72.38999999999999,39.3519],[-72.38999999999999,40.91],[-74.36590000000001,40.91],[-74.36590000000001,39.3519]]]}},{"type":"Feature","properties":{"Name":"NYgr8bay22_8301.gtx","ID":"NYgr8bay22_8301","Agency":"NOAA","DataLink":"https://vdatum.noaa.gov/download/data/NYgr8bay22_8301.zip","DataType":"tss","DataSource":"vdatum","LastUpdate":"20260331205909"},"geometry":{"type":"Polygon","coordinates":[[[-74.36590000000001,39.3519],[-72.38999999999999,39.3519],[-72.38999999999999,40.91],[-74.36590000000001,40.91],[-74.36590000000001,39.3519]]]}},{"type":"Feature","properties":{"Name":"NYgr8bay22_8301.gtx","ID":"NYgr8bay22_8301","Agency":"NOAA","DataLink":"https://vdatum.noaa.gov/download/data/NYgr8bay22_8301.zip","DataType":"mtl","DataSource":"vdatum","LastUpdate":"20260331205909"},"geometry":{"type":"Polygon","coordinates":[[[-74.36590000000001,39.3519],[-72.38999999999999,39.3519],[-72.38999999999999,40.91],[-74.36590000000001,40.91],[-74.36590000000001,39.3519]]]}},{"type":"Feature","properties":{"Name":"NYgr8bay33_8301.gtx","ID":"NYgr8bay33_8301","Agency":"NOAA","DataLink":"https://vdatum.noaa.gov/download/data/NYgr8bay33_8301.zip","DataType":"mhw","DataSource":"vdatum","LastUpdate":"20260331205909"},"geometry":{"type":"Polygon","coordinates":[[[-74.57209999999998,39.2803],[-72.40550000000002,39.2803],[-72.40550000000002,40.9013],[-74.57209999999998,40.9013],[-74.57209999999998,39.2803]]]}},{"type":"Feature","properties":{"Name":"NYgr8bay33_8301.gtx","ID":"NYgr8bay33_8301","Agency":"NOAA","DataLink":"https://vdatum.noaa.gov/download/data/NYgr8bay33_8301.zip","DataType":"mhhw","DataSource":"vdatum","LastUpdate":"20260331205909"},"geometry":{"type":"Polygon","coordinates":[[[-74.57209999999998,39.2803],[-72.40550000000002,39.2803],[-72.40550000000002,40.9013],[-74.57209999999998,40.9013],[-74.57209999999998,39.2803]]]}},{"type":"Feature","properties":{"Name":"NYgr8bay33_8301.gtx","ID":"NYgr8bay33_8301","Agency":"NOAA","DataLink":"https://vdatum.noaa.gov/download/data/NYgr8bay33_8301.zip","DataType":"mlw","DataSource":"vdatum","LastUpdate":"20260331205909"},"geometry":{"type":"Polygon","coordinates":[[[-74.57209999999998,39.2803],[-72.40550000000002,39.2803],[-72.40550000000002,40.9013],[-74.57209999999998,40.9013],[-74.57209999999998,39.2803]]]}},{"type":"Feature","properties":{"Name":"NYgr8bay33_8301.gtx","ID":"NYgr8bay33_8301","Agency":"NOAA","DataLink":"https://vdatum.noaa.gov/download/data/NYgr8bay33_8301.zip","DataType":"mllw","DataSource":"vdatum","LastUpdate":"20260331205909"},"geometry":{"type":"Polygon","coordinates":[[[-74.57209999999998,39.2803],[-72.40550000000002,39.2803],[-72.40550000000002,40.9013],[-74.57209999999998,40.9013],[-74.57209999999998,39.2803]]]}},{"type":"Feature","properties":{"Name":"NYgr8bay33_8301.gtx","ID":"NYgr8bay33_8301","Agency":"NOAA","DataLink":"https://vdatum.noaa.gov/download/data/NYgr8bay33_8301.zip","DataType":"tss","DataSource":"vdatum","LastUpdate":"20260331205909"},"geometry":{"type":"Polygon","coordinates":[[[-74.57209999999998,39.2803],[-72.40550000000002,39.2803],[-72.40550000000002,40.9013],[-74.57209999999998,40.9013],[-74.57209999999998,39.2803]]]}},{"type":"Feature","properties":{"Name":"NYgr8bay33_8301.gtx","ID":"NYgr8bay33_8301","Agency":"NOAA","DataLink":"https://vdatum.noaa.gov/download/data/NYgr8bay33_8301.zip","DataType":"mtl","DataSource":"vdatum","LastUpdate":"20260331205909"},"geometry":{"type":"Polygon","coordinates":[[[-74.57209999999998,39.2803],[-72.40550000000002,39.2803],[-72.40550000000002,40.9013],[-74.57209999999998,40.9013],[-74.57209999999998,39.2803]]]}},{"type":"Feature","properties":{"Name":"NYgr8bay34_8301.gtx","ID":"NYgr8bay34_8301","Agency":"NOAA","DataLink":"https://vdatum.noaa.gov/download/data/NYgr8bay34_8301.zip","DataType":"mhw","DataSource":"vdatum","LastUpdate":"20260331205909"},"geometry":{"type":"Polygon","coordinates":[[[-74.57209999999998,39.2803],[-72.40550000000002,39.2803],[-72.40550000000002,40.9013],[-74.57209999999998,40.9013],[-74.57209999999998,39.2803]]]}},{"type":"Feature","properties":{"Name":"NYgr8bay34_8301.gtx","ID":"NYgr8bay34_8301","Agency":"NOAA","DataLink":"https://vdatum.noaa.gov/download/data/NYgr8bay34_8301.zip","DataType":"mhhw","DataSource":"vdatum","LastUpdate":"20260331205909"},"geometry":{"type":"Polygon","coordinates":[[[-74.57209999999998,39.2803],[-72.40550000000002,39.2803],[-72.40550000000002,40.9013],[-74.57209999999998,40.9013],[-74.57209999999998,39.2803]]]}},{"type":"Feature","properties":{"Name":"NYgr8bay34_8301.gtx","ID":"NYgr8bay34_8301","Agency":"NOAA","DataLink":"https://vdatum.noaa.gov/download/data/NYgr8bay34_8301.zip","DataType":"mlw","DataSource":"vdatum","LastUpdate":"20260331205909"},"geometry":{"type":"Polygon","coordinates":[[[-74.57209999999998,39.2803],[-72.40550000000002,39.2803],[-72.40550000000002,40.9013],[-74.57209999999998,40.9013],[-74.57209999999998,39.2803]]]}},{"type":"Feature","properties":{"Name":"NYgr8bay34_8301.gtx","ID":"NYgr8bay34_8301","Agency":"NOAA","DataLink":"https://vdatum.noaa.gov/download/data/NYgr8bay34_8301.zip","DataType":"mllw","DataSource":"vdatum","LastUpdate":"20260331205909"},"geometry":{"type":"Polygon","coordinates":[[[-74.57209999999998,39.2803],[-72.40550000000002,39.2803],[-72.40550000000002,40.9013],[-74.57209999999998,40.9013],[-74.57209999999998,39.2803]]]}},{"type":"Feature","properties":{"Name":"NYgr8bay34_8301.gtx","ID":"NYgr8bay34_8301","Agency":"NOAA","DataLink":"https://vdatum.noaa.gov/download/data/NYgr8bay34_8301.zip","DataType":"tss","DataSource":"vdatum","LastUpdate":"20260331205909"},"geometry":{"type":"Polygon","coordinates":[[[-74.57209999999998,39.2803],[-72.40550000000002,39.2803],[-72.40550000000002,40.9013],[-74.57209999999998,40.9013],[-74.57209999999998,39.2803]]]}},{"type":"Feature","properties":{"Name":"NYgr8bay34_8301.gtx","ID":"NYgr8bay34_8301","Agency":"NOAA","DataLink":"https://vdatum.noaa.gov/download/data/NYgr8bay34_8301.zip","DataType":"mtl","DataSource":"vdatum","LastUpdate":"20260331205909"},"geometry":{"type":"Polygon","coordinates":[[[-74.57209999999998,39.2803],[-72.40550000000002,39.2803],[-72.40550000000002,40.9013],[-74.57209999999998,40.9013],[-74.57209999999998,39.2803]]]}},{"type":"Feature","properties":{"Name":"ORWAcolr01_8301.gtx","ID":"ORWAcolr01_8301","Agency":"NOAA","DataLink":"https://vdatum.noaa.gov/download/data/ORWAcolr01_8301.zip","DataType":"mhw","DataSource":"vdatum","LastUpdate":"20260331205909"},"geometry":{"type":"Polygon","coordinates":[[[-126.39999999999998,45.35],[-121.94,45.35],[-121.94,48.02],[-126.39999999999998,48.02],[-126.39999999999998,45.35]]]}},{"type":"Feature","properties":{"Name":"ORWAcolr01_8301.gtx","ID":"ORWAcolr01_8301","Agency":"NOAA","DataLink":"https://vdatum.noaa.gov/download/data/ORWAcolr01_8301.zip","DataType":"mhhw","DataSource":"vdatum","LastUpdate":"20260331205909"},"geometry":{"type":"Polygon","coordinates":[[[-126.39999999999998,45.35],[-121.94,45.35],[-121.94,48.02],[-126.39999999999998,48.02],[-126.39999999999998,45.35]]]}},{"type":"Feature","properties":{"Name":"ORWAcolr01_8301.gtx","ID":"ORWAcolr01_8301","Agency":"NOAA","DataLink":"https://vdatum.noaa.gov/download/data/ORWAcolr01_8301.zip","DataType":"mlw","DataSource":"vdatum","LastUpdate":"20260331205909"},"geometry":{"type":"Polygon","coordinates":[[[-126.39999999999998,45.35],[-121.94,45.35],[-121.94,48.02],[-126.39999999999998,48.02],[-126.39999999999998,45.35]]]}},{"type":"Feature","properties":{"Name":"ORWAcolr01_8301.gtx","ID":"ORWAcolr01_8301","Agency":"NOAA","DataLink":"https://vdatum.noaa.gov/download/data/ORWAcolr01_8301.zip","DataType":"mllw","DataSource":"vdatum","LastUpdate":"20260331205909"},"geometry":{"type":"Polygon","coordinates":[[[-126.39999999999998,45.35],[-121.94,45.35],[-121.94,48.02],[-126.39999999999998,48.02],[-126.39999999999998,45.35]]]}},{"type":"Feature","properties":{"Name":"ORWAcolr01_8301.gtx","ID":"ORWAcolr01_8301","Agency":"NOAA","DataLink":"https://vdatum.noaa.gov/download/data/ORWAcolr01_8301.zip","DataType":"tss","DataSource":"vdatum","LastUpdate":"20260331205909"},"geometry":{"type":"Polygon","coordinates":[[[-126.39999999999998,45.35],[-121.94,45.35],[-121.94,48.02],[-126.39999999999998,48.02],[-126.39999999999998,45.35]]]}},{"type":"Feature","properties":{"Name":"ORWAcolr01_8301.gtx","ID":"ORWAcolr01_8301","Agency":"NOAA","DataLink":"https://vdatum.noaa.gov/download/data/ORWAcolr01_8301.zip","DataType":"mtl","DataSource":"vdatum","LastUpdate":"20260331205909"},"geometry":{"type":"Polygon","coordinates":[[[-126.39999999999998,45.35],[-121.94,45.35],[-121.94,48.02],[-126.39999999999998,48.02],[-126.39999999999998,45.35]]]}},{"type":"Feature","properties":{"Name":"vdatum\\OR_centr01_8301\\OR_centr01_8301.gtx","ID":"OR_centr01_8301","Agency":"NOAA","DataLink":"https://vdatum.noaa.gov/download/data/OR_centr01_8301.zip","DataType":"mhw","DataSource":"vdatum","LastUpdate":"20260331205909"},"geometry":{"type":"Polygon","coordinates":[[[-126.47000000000003,42.69],[-123.88,42.69],[-123.88,45.37],[-126.47000000000003,45.37],[-126.47000000000003,42.69]]]}},{"type":"Feature","properties":{"Name":"vdatum\\OR_centr01_8301\\OR_centr01_8301.gtx","ID":"OR_centr01_8301","Agency":"NOAA","DataLink":"https://vdatum.noaa.gov/download/data/OR_centr01_8301.zip","DataType":"mhhw","DataSource":"vdatum","LastUpdate":"20260331205909"},"geometry":{"type":"Polygon","coordinates":[[[-126.47000000000003,42.69],[-123.88,42.69],[-123.88,45.37],[-126.47000000000003,45.37],[-126.47000000000003,42.69]]]}},{"type":"Feature","properties":{"Name":"vdatum\\OR_centr01_8301\\OR_centr01_8301.gtx","ID":"OR_centr01_8301","Agency":"NOAA","DataLink":"https://vdatum.noaa.gov/download/data/OR_centr01_8301.zip","DataType":"mlw","DataSource":"vdatum","LastUpdate":"20260331205909"},"geometry":{"type":"Polygon","coordinates":[[[-126.47000000000003,42.69],[-123.88,42.69],[-123.88,45.37],[-126.47000000000003,45.37],[-126.47000000000003,42.69]]]}},{"type":"Feature","properties":{"Name":"vdatum\\OR_centr01_8301\\OR_centr01_8301.gtx","ID":"OR_centr01_8301","Agency":"NOAA","DataLink":"https://vdatum.noaa.gov/download/data/OR_centr01_8301.zip","DataType":"mllw","DataSource":"vdatum","LastUpdate":"20260331205909"},"geometry":{"type":"Polygon","coordinates":[[[-126.47000000000003,42.69],[-123.88,42.69],[-123.88,45.37],[-126.47000000000003,45.37],[-126.47000000000003,42.69]]]}},{"type":"Feature","properties":{"Name":"vdatum\\OR_centr01_8301\\OR_centr01_8301.gtx","ID":"OR_centr01_8301","Agency":"NOAA","DataLink":"https://vdatum.noaa.gov/download/data/OR_centr01_8301.zip","DataType":"tss","DataSource":"vdatum","LastUpdate":"20260331205909"},"geometry":{"type":"Polygon","coordinates":[[[-126.47000000000003,42.69],[-123.88,42.69],[-123.88,45.37],[-126.47000000000003,45.37],[-126.47000000000003,42.69]]]}},{"type":"Feature","properties":{"Name":"vdatum\\OR_centr01_8301\\OR_centr01_8301.gtx","ID":"OR_centr01_8301","Agency":"NOAA","DataLink":"https://vdatum.noaa.gov/download/data/OR_centr01_8301.zip","DataType":"mtl","DataSource":"vdatum","LastUpdate":"20260331205909"},"geometry":{"type":"Polygon","coordinates":[[[-126.47000000000003,42.69],[-123.88,42.69],[-123.88,45.37],[-126.47000000000003,45.37],[-126.47000000000003,42.69]]]}},{"type":"Feature","properties":{"Name":"ORcentr01_8301.gtx","ID":"ORcentr01_8301","Agency":"NOAA","DataLink":"https://vdatum.noaa.gov/download/data/ORcentr01_8301.zip","DataType":"mhw","DataSource":"vdatum","LastUpdate":"20260331205909"},"geometry":{"type":"Polygon","coordinates":[[[-126.47000000000003,42.69],[-123.88,42.69],[-123.88,45.37],[-126.47000000000003,45.37],[-126.47000000000003,42.69]]]}},{"type":"Feature","properties":{"Name":"ORcentr01_8301.gtx","ID":"ORcentr01_8301","Agency":"NOAA","DataLink":"https://vdatum.noaa.gov/download/data/ORcentr01_8301.zip","DataType":"mhhw","DataSource":"vdatum","LastUpdate":"20260331205909"},"geometry":{"type":"Polygon","coordinates":[[[-126.47000000000003,42.69],[-123.88,42.69],[-123.88,45.37],[-126.47000000000003,45.37],[-126.47000000000003,42.69]]]}},{"type":"Feature","properties":{"Name":"ORcentr01_8301.gtx","ID":"ORcentr01_8301","Agency":"NOAA","DataLink":"https://vdatum.noaa.gov/download/data/ORcentr01_8301.zip","DataType":"mlw","DataSource":"vdatum","LastUpdate":"20260331205909"},"geometry":{"type":"Polygon","coordinates":[[[-126.47000000000003,42.69],[-123.88,42.69],[-123.88,45.37],[-126.47000000000003,45.37],[-126.47000000000003,42.69]]]}},{"type":"Feature","properties":{"Name":"ORcentr01_8301.gtx","ID":"ORcentr01_8301","Agency":"NOAA","DataLink":"https://vdatum.noaa.gov/download/data/ORcentr01_8301.zip","DataType":"mllw","DataSource":"vdatum","LastUpdate":"20260331205909"},"geometry":{"type":"Polygon","coordinates":[[[-126.47000000000003,42.69],[-123.88,42.69],[-123.88,45.37],[-126.47000000000003,45.37],[-126.47000000000003,42.69]]]}},{"type":"Feature","properties":{"Name":"ORcentr01_8301.gtx","ID":"ORcentr01_8301","Agency":"NOAA","DataLink":"https://vdatum.noaa.gov/download/data/ORcentr01_8301.zip","DataType":"tss","DataSource":"vdatum","LastUpdate":"20260331205909"},"geometry":{"type":"Polygon","coordinates":[[[-126.47000000000003,42.69],[-123.88,42.69],[-123.88,45.37],[-126.47000000000003,45.37],[-126.47000000000003,42.69]]]}},{"type":"Feature","properties":{"Name":"ORcentr01_8301.gtx","ID":"ORcentr01_8301","Agency":"NOAA","DataLink":"https://vdatum.noaa.gov/download/data/ORcentr01_8301.zip","DataType":"mtl","DataSource":"vdatum","LastUpdate":"20260331205909"},"geometry":{"type":"Polygon","coordinates":[[[-126.47000000000003,42.69],[-123.88,42.69],[-123.88,45.37],[-126.47000000000003,45.37],[-126.47000000000003,42.69]]]}},{"type":"Feature","properties":{"Name":"ORcoain00_8301.gtx","ID":"ORcoain00_8301","Agency":"NOAA","DataLink":"https://vdatum.noaa.gov/download/data/ORcoain00_8301.zip","DataType":"mhw","DataSource":"vdatum","LastUpdate":"20260331205909"},"geometry":{"type":"Polygon","coordinates":[[[-124.4291,40.568199],[-123.9341,40.568199],[-123.9341,43.502199],[-124.4291,43.502199],[-124.4291,40.568199]]]}},{"type":"Feature","properties":{"Name":"ORcoain00_8301.gtx","ID":"ORcoain00_8301","Agency":"NOAA","DataLink":"https://vdatum.noaa.gov/download/data/ORcoain00_8301.zip","DataType":"mhhw","DataSource":"vdatum","LastUpdate":"20260331205909"},"geometry":{"type":"Polygon","coordinates":[[[-124.4291,40.568199],[-123.9341,40.568199],[-123.9341,43.502199],[-124.4291,43.502199],[-124.4291,40.568199]]]}},{"type":"Feature","properties":{"Name":"ORcoain00_8301.gtx","ID":"ORcoain00_8301","Agency":"NOAA","DataLink":"https://vdatum.noaa.gov/download/data/ORcoain00_8301.zip","DataType":"mlw","DataSource":"vdatum","LastUpdate":"20260331205909"},"geometry":{"type":"Polygon","coordinates":[[[-124.4291,40.568199],[-123.9341,40.568199],[-123.9341,43.502199],[-124.4291,43.502199],[-124.4291,40.568199]]]}},{"type":"Feature","properties":{"Name":"ORcoain00_8301.gtx","ID":"ORcoain00_8301","Agency":"NOAA","DataLink":"https://vdatum.noaa.gov/download/data/ORcoain00_8301.zip","DataType":"mllw","DataSource":"vdatum","LastUpdate":"20260331205909"},"geometry":{"type":"Polygon","coordinates":[[[-124.4291,40.568199],[-123.9341,40.568199],[-123.9341,43.502199],[-124.4291,43.502199],[-124.4291,40.568199]]]}},{"type":"Feature","properties":{"Name":"ORcoain00_8301.gtx","ID":"ORcoain00_8301","Agency":"NOAA","DataLink":"https://vdatum.noaa.gov/download/data/ORcoain00_8301.zip","DataType":"tss","DataSource":"vdatum","LastUpdate":"20260331205909"},"geometry":{"type":"Polygon","coordinates":[[[-124.4291,40.568199],[-123.9341,40.568199],[-123.9341,43.502199],[-124.4291,43.502199],[-124.4291,40.568199]]]}},{"type":"Feature","properties":{"Name":"ORcoain00_8301.gtx","ID":"ORcoain00_8301","Agency":"NOAA","DataLink":"https://vdatum.noaa.gov/download/data/ORcoain00_8301.zip","DataType":"mtl","DataSource":"vdatum","LastUpdate":"20260331205909"},"geometry":{"type":"Polygon","coordinates":[[[-124.4291,40.568199],[-123.9341,40.568199],[-123.9341,43.502199],[-124.4291,43.502199],[-124.4291,40.568199]]]}},{"type":"Feature","properties":{"Name":"ORcoast00_8301.gtx","ID":"ORcoast00_8301","Agency":"NOAA","DataLink":"https://vdatum.noaa.gov/download/data/ORcoast00_8301.zip","DataType":"mhw","DataSource":"vdatum","LastUpdate":"20260331205909"},"geometry":{"type":"Polygon","coordinates":[[[-126.452538,42.699],[-123.79553799999996,42.699],[-123.79553799999996,45.368],[-126.452538,45.368],[-126.452538,42.699]]]}},{"type":"Feature","properties":{"Name":"ORcoast00_8301.gtx","ID":"ORcoast00_8301","Agency":"NOAA","DataLink":"https://vdatum.noaa.gov/download/data/ORcoast00_8301.zip","DataType":"mhhw","DataSource":"vdatum","LastUpdate":"20260331205909"},"geometry":{"type":"Polygon","coordinates":[[[-126.452538,42.699],[-123.79553799999996,42.699],[-123.79553799999996,45.368],[-126.452538,45.368],[-126.452538,42.699]]]}},{"type":"Feature","properties":{"Name":"ORcoast00_8301.gtx","ID":"ORcoast00_8301","Agency":"NOAA","DataLink":"https://vdatum.noaa.gov/download/data/ORcoast00_8301.zip","DataType":"mlw","DataSource":"vdatum","LastUpdate":"20260331205909"},"geometry":{"type":"Polygon","coordinates":[[[-126.452538,42.699],[-123.79553799999996,42.699],[-123.79553799999996,45.368],[-126.452538,45.368],[-126.452538,42.699]]]}},{"type":"Feature","properties":{"Name":"ORcoast00_8301.gtx","ID":"ORcoast00_8301","Agency":"NOAA","DataLink":"https://vdatum.noaa.gov/download/data/ORcoast00_8301.zip","DataType":"mllw","DataSource":"vdatum","LastUpdate":"20260331205909"},"geometry":{"type":"Polygon","coordinates":[[[-126.452538,42.699],[-123.79553799999996,42.699],[-123.79553799999996,45.368],[-126.452538,45.368],[-126.452538,42.699]]]}},{"type":"Feature","properties":{"Name":"ORcoast00_8301.gtx","ID":"ORcoast00_8301","Agency":"NOAA","DataLink":"https://vdatum.noaa.gov/download/data/ORcoast00_8301.zip","DataType":"tss","DataSource":"vdatum","LastUpdate":"20260331205909"},"geometry":{"type":"Polygon","coordinates":[[[-126.452538,42.699],[-123.79553799999996,42.699],[-123.79553799999996,45.368],[-126.452538,45.368],[-126.452538,42.699]]]}},{"type":"Feature","properties":{"Name":"ORcoast00_8301.gtx","ID":"ORcoast00_8301","Agency":"NOAA","DataLink":"https://vdatum.noaa.gov/download/data/ORcoast00_8301.zip","DataType":"mtl","DataSource":"vdatum","LastUpdate":"20260331205909"},"geometry":{"type":"Polygon","coordinates":[[[-126.452538,42.699],[-123.79553799999996,42.699],[-123.79553799999996,45.368],[-126.452538,45.368],[-126.452538,42.699]]]}},{"type":"Feature","properties":{"Name":"PRVI01_8301.gtx","ID":"PRVI01_8301","Agency":"NOAA","DataLink":"https://vdatum.noaa.gov/download/data/PRVI01_8301.zip","DataType":"mhw","DataSource":"vdatum","LastUpdate":"20260331205909"},"geometry":{"type":"Polygon","coordinates":[[[-68.32,17.22],[-63.879999999999995,17.22],[-63.879999999999995,18.9605],[-68.32,18.9605],[-68.32,17.22]]]}},{"type":"Feature","properties":{"Name":"PRVI01_8301.gtx","ID":"PRVI01_8301","Agency":"NOAA","DataLink":"https://vdatum.noaa.gov/download/data/PRVI01_8301.zip","DataType":"mhhw","DataSource":"vdatum","LastUpdate":"20260331205909"},"geometry":{"type":"Polygon","coordinates":[[[-68.32,17.22],[-63.879999999999995,17.22],[-63.879999999999995,18.9605],[-68.32,18.9605],[-68.32,17.22]]]}},{"type":"Feature","properties":{"Name":"PRVI01_8301.gtx","ID":"PRVI01_8301","Agency":"NOAA","DataLink":"https://vdatum.noaa.gov/download/data/PRVI01_8301.zip","DataType":"mlw","DataSource":"vdatum","LastUpdate":"20260331205909"},"geometry":{"type":"Polygon","coordinates":[[[-68.32,17.22],[-63.879999999999995,17.22],[-63.879999999999995,18.9605],[-68.32,18.9605],[-68.32,17.22]]]}},{"type":"Feature","properties":{"Name":"PRVI01_8301.gtx","ID":"PRVI01_8301","Agency":"NOAA","DataLink":"https://vdatum.noaa.gov/download/data/PRVI01_8301.zip","DataType":"mllw","DataSource":"vdatum","LastUpdate":"20260331205909"},"geometry":{"type":"Polygon","coordinates":[[[-68.32,17.22],[-63.879999999999995,17.22],[-63.879999999999995,18.9605],[-68.32,18.9605],[-68.32,17.22]]]}},{"type":"Feature","properties":{"Name":"PRVI01_8301.gtx","ID":"PRVI01_8301","Agency":"NOAA","DataLink":"https://vdatum.noaa.gov/download/data/PRVI01_8301.zip","DataType":"tss","DataSource":"vdatum","LastUpdate":"20260331205909"},"geometry":{"type":"Polygon","coordinates":[[[-68.32,17.22],[-63.879999999999995,17.22],[-63.879999999999995,18.9605],[-68.32,18.9605],[-68.32,17.22]]]}},{"type":"Feature","properties":{"Name":"PRVI01_8301.gtx","ID":"PRVI01_8301","Agency":"NOAA","DataLink":"https://vdatum.noaa.gov/download/data/PRVI01_8301.zip","DataType":"mtl","DataSource":"vdatum","LastUpdate":"20260331205909"},"geometry":{"type":"Polygon","coordinates":[[[-68.32,17.22],[-63.879999999999995,17.22],[-63.879999999999995,18.9605],[-68.32,18.9605],[-68.32,17.22]]]}},{"type":"Feature","properties":{"Name":"PRVIis00_8301.gtx","ID":"PRVIis00_8301","Agency":"NOAA","DataLink":"https://vdatum.noaa.gov/download/data/PRVIis00_8301.zip","DataType":"mhw","DataSource":"vdatum","LastUpdate":"20260331205909"},"geometry":{"type":"Polygon","coordinates":[[[-68.30919999999998,17.2295],[-63.88819999999998,17.2295],[-63.88819999999998,18.9505],[-68.30919999999998,18.9505],[-68.30919999999998,17.2295]]]}},{"type":"Feature","properties":{"Name":"PRVIis00_8301.gtx","ID":"PRVIis00_8301","Agency":"NOAA","DataLink":"https://vdatum.noaa.gov/download/data/PRVIis00_8301.zip","DataType":"mhhw","DataSource":"vdatum","LastUpdate":"20260331205909"},"geometry":{"type":"Polygon","coordinates":[[[-68.30919999999998,17.2295],[-63.88819999999998,17.2295],[-63.88819999999998,18.9505],[-68.30919999999998,18.9505],[-68.30919999999998,17.2295]]]}},{"type":"Feature","properties":{"Name":"PRVIis00_8301.gtx","ID":"PRVIis00_8301","Agency":"NOAA","DataLink":"https://vdatum.noaa.gov/download/data/PRVIis00_8301.zip","DataType":"mlw","DataSource":"vdatum","LastUpdate":"20260331205909"},"geometry":{"type":"Polygon","coordinates":[[[-68.30919999999998,17.2295],[-63.88819999999998,17.2295],[-63.88819999999998,18.9505],[-68.30919999999998,18.9505],[-68.30919999999998,17.2295]]]}},{"type":"Feature","properties":{"Name":"PRVIis00_8301.gtx","ID":"PRVIis00_8301","Agency":"NOAA","DataLink":"https://vdatum.noaa.gov/download/data/PRVIis00_8301.zip","DataType":"mllw","DataSource":"vdatum","LastUpdate":"20260331205909"},"geometry":{"type":"Polygon","coordinates":[[[-68.30919999999998,17.2295],[-63.88819999999998,17.2295],[-63.88819999999998,18.9505],[-68.30919999999998,18.9505],[-68.30919999999998,17.2295]]]}},{"type":"Feature","properties":{"Name":"PRVIis00_8301.gtx","ID":"PRVIis00_8301","Agency":"NOAA","DataLink":"https://vdatum.noaa.gov/download/data/PRVIis00_8301.zip","DataType":"tss","DataSource":"vdatum","LastUpdate":"20260331205909"},"geometry":{"type":"Polygon","coordinates":[[[-68.30919999999998,17.2295],[-63.88819999999998,17.2295],[-63.88819999999998,18.9505],[-68.30919999999998,18.9505],[-68.30919999999998,17.2295]]]}},{"type":"Feature","properties":{"Name":"PRVIis00_8301.gtx","ID":"PRVIis00_8301","Agency":"NOAA","DataLink":"https://vdatum.noaa.gov/download/data/PRVIis00_8301.zip","DataType":"mtl","DataSource":"vdatum","LastUpdate":"20260331205909"},"geometry":{"type":"Polygon","coordinates":[[[-68.30919999999998,17.2295],[-63.88819999999998,17.2295],[-63.88819999999998,18.9505],[-68.30919999999998,18.9505],[-68.30919999999998,17.2295]]]}},{"type":"Feature","properties":{"Name":"PRVIof00_8301.gtx","ID":"PRVIof00_8301","Agency":"NOAA","DataLink":"https://vdatum.noaa.gov/download/data/PRVIof00_8301.zip","DataType":"mhw","DataSource":"vdatum","LastUpdate":"20260331205909"},"geometry":{"type":"Polygon","coordinates":[[[-69.63999999999999,14.422],[-60.82499999999999,14.422],[-60.82499999999999,22.277],[-69.63999999999999,22.277],[-69.63999999999999,14.422]]]}},{"type":"Feature","properties":{"Name":"PRVIof00_8301.gtx","ID":"PRVIof00_8301","Agency":"NOAA","DataLink":"https://vdatum.noaa.gov/download/data/PRVIof00_8301.zip","DataType":"mhhw","DataSource":"vdatum","LastUpdate":"20260331205909"},"geometry":{"type":"Polygon","coordinates":[[[-69.63999999999999,14.422],[-60.82499999999999,14.422],[-60.82499999999999,22.277],[-69.63999999999999,22.277],[-69.63999999999999,14.422]]]}},{"type":"Feature","properties":{"Name":"PRVIof00_8301.gtx","ID":"PRVIof00_8301","Agency":"NOAA","DataLink":"https://vdatum.noaa.gov/download/data/PRVIof00_8301.zip","DataType":"mlw","DataSource":"vdatum","LastUpdate":"20260331205909"},"geometry":{"type":"Polygon","coordinates":[[[-69.63999999999999,14.422],[-60.82499999999999,14.422],[-60.82499999999999,22.277],[-69.63999999999999,22.277],[-69.63999999999999,14.422]]]}},{"type":"Feature","properties":{"Name":"PRVIof00_8301.gtx","ID":"PRVIof00_8301","Agency":"NOAA","DataLink":"https://vdatum.noaa.gov/download/data/PRVIof00_8301.zip","DataType":"mllw","DataSource":"vdatum","LastUpdate":"20260331205909"},"geometry":{"type":"Polygon","coordinates":[[[-69.63999999999999,14.422],[-60.82499999999999,14.422],[-60.82499999999999,22.277],[-69.63999999999999,22.277],[-69.63999999999999,14.422]]]}},{"type":"Feature","properties":{"Name":"PRVIof00_8301.gtx","ID":"PRVIof00_8301","Agency":"NOAA","DataLink":"https://vdatum.noaa.gov/download/data/PRVIof00_8301.zip","DataType":"tss","DataSource":"vdatum","LastUpdate":"20260331205909"},"geometry":{"type":"Polygon","coordinates":[[[-69.63999999999999,14.422],[-60.82499999999999,14.422],[-60.82499999999999,22.277],[-69.63999999999999,22.277],[-69.63999999999999,14.422]]]}},{"type":"Feature","properties":{"Name":"PRVIof00_8301.gtx","ID":"PRVIof00_8301","Agency":"NOAA","DataLink":"https://vdatum.noaa.gov/download/data/PRVIof00_8301.zip","DataType":"mtl","DataSource":"vdatum","LastUpdate":"20260331205909"},"geometry":{"type":"Polygon","coordinates":[[[-69.63999999999999,14.422],[-60.82499999999999,14.422],[-60.82499999999999,22.277],[-69.63999999999999,22.277],[-69.63999999999999,14.422]]]}},{"type":"Feature","properties":{"Name":"vdatum\\RICT_bis21_8301\\RICT_bis21_8301.gtx","ID":"RICT_bis21_8301","Agency":"NOAA","DataLink":"https://vdatum.noaa.gov/download/data/RICT_bis21_8301.zip","DataType":"mhw","DataSource":"vdatum","LastUpdate":"20260331205909"},"geometry":{"type":"Polygon","coordinates":[[[-74.36590000000001,39.3519],[-70.99990000000003,39.3519],[-70.99990000000003,42.0005],[-74.36590000000001,42.0005],[-74.36590000000001,39.3519]]]}},{"type":"Feature","properties":{"Name":"vdatum\\RICT_bis21_8301\\RICT_bis21_8301.gtx","ID":"RICT_bis21_8301","Agency":"NOAA","DataLink":"https://vdatum.noaa.gov/download/data/RICT_bis21_8301.zip","DataType":"mhhw","DataSource":"vdatum","LastUpdate":"20260331205909"},"geometry":{"type":"Polygon","coordinates":[[[-74.36590000000001,39.3519],[-70.99990000000003,39.3519],[-70.99990000000003,42.0005],[-74.36590000000001,42.0005],[-74.36590000000001,39.3519]]]}},{"type":"Feature","properties":{"Name":"vdatum\\RICT_bis21_8301\\RICT_bis21_8301.gtx","ID":"RICT_bis21_8301","Agency":"NOAA","DataLink":"https://vdatum.noaa.gov/download/data/RICT_bis21_8301.zip","DataType":"mlw","DataSource":"vdatum","LastUpdate":"20260331205909"},"geometry":{"type":"Polygon","coordinates":[[[-74.36590000000001,39.3519],[-70.99990000000003,39.3519],[-70.99990000000003,42.0005],[-74.36590000000001,42.0005],[-74.36590000000001,39.3519]]]}},{"type":"Feature","properties":{"Name":"vdatum\\RICT_bis21_8301\\RICT_bis21_8301.gtx","ID":"RICT_bis21_8301","Agency":"NOAA","DataLink":"https://vdatum.noaa.gov/download/data/RICT_bis21_8301.zip","DataType":"mllw","DataSource":"vdatum","LastUpdate":"20260331205909"},"geometry":{"type":"Polygon","coordinates":[[[-74.36590000000001,39.3519],[-70.99990000000003,39.3519],[-70.99990000000003,42.0005],[-74.36590000000001,42.0005],[-74.36590000000001,39.3519]]]}},{"type":"Feature","properties":{"Name":"vdatum\\RICT_bis21_8301\\RICT_bis21_8301.gtx","ID":"RICT_bis21_8301","Agency":"NOAA","DataLink":"https://vdatum.noaa.gov/download/data/RICT_bis21_8301.zip","DataType":"tss","DataSource":"vdatum","LastUpdate":"20260331205909"},"geometry":{"type":"Polygon","coordinates":[[[-74.36590000000001,39.3519],[-70.99990000000003,39.3519],[-70.99990000000003,42.0005],[-74.36590000000001,42.0005],[-74.36590000000001,39.3519]]]}},{"type":"Feature","properties":{"Name":"vdatum\\RICT_bis21_8301\\RICT_bis21_8301.gtx","ID":"RICT_bis21_8301","Agency":"NOAA","DataLink":"https://vdatum.noaa.gov/download/data/RICT_bis21_8301.zip","DataType":"mtl","DataSource":"vdatum","LastUpdate":"20260331205909"},"geometry":{"type":"Polygon","coordinates":[[[-74.36590000000001,39.3519],[-70.99990000000003,39.3519],[-70.99990000000003,42.0005],[-74.36590000000001,42.0005],[-74.36590000000001,39.3519]]]}},{"type":"Feature","properties":{"Name":"RICTbis22_8301.gtx","ID":"RICTbis22_8301","Agency":"NOAA","DataLink":"https://vdatum.noaa.gov/download/data/RICTbis22_8301.zip","DataType":"mhw","DataSource":"vdatum","LastUpdate":"20260331205909"},"geometry":{"type":"Polygon","coordinates":[[[-74.36590000000001,39.3519],[-70.99990000000003,39.3519],[-70.99990000000003,42.0005],[-74.36590000000001,42.0005],[-74.36590000000001,39.3519]]]}},{"type":"Feature","properties":{"Name":"RICTbis22_8301.gtx","ID":"RICTbis22_8301","Agency":"NOAA","DataLink":"https://vdatum.noaa.gov/download/data/RICTbis22_8301.zip","DataType":"mhhw","DataSource":"vdatum","LastUpdate":"20260331205909"},"geometry":{"type":"Polygon","coordinates":[[[-74.36590000000001,39.3519],[-70.99990000000003,39.3519],[-70.99990000000003,42.0005],[-74.36590000000001,42.0005],[-74.36590000000001,39.3519]]]}},{"type":"Feature","properties":{"Name":"RICTbis22_8301.gtx","ID":"RICTbis22_8301","Agency":"NOAA","DataLink":"https://vdatum.noaa.gov/download/data/RICTbis22_8301.zip","DataType":"mlw","DataSource":"vdatum","LastUpdate":"20260331205909"},"geometry":{"type":"Polygon","coordinates":[[[-74.36590000000001,39.3519],[-70.99990000000003,39.3519],[-70.99990000000003,42.0005],[-74.36590000000001,42.0005],[-74.36590000000001,39.3519]]]}},{"type":"Feature","properties":{"Name":"RICTbis22_8301.gtx","ID":"RICTbis22_8301","Agency":"NOAA","DataLink":"https://vdatum.noaa.gov/download/data/RICTbis22_8301.zip","DataType":"mllw","DataSource":"vdatum","LastUpdate":"20260331205909"},"geometry":{"type":"Polygon","coordinates":[[[-74.36590000000001,39.3519],[-70.99990000000003,39.3519],[-70.99990000000003,42.0005],[-74.36590000000001,42.0005],[-74.36590000000001,39.3519]]]}},{"type":"Feature","properties":{"Name":"RICTbis22_8301.gtx","ID":"RICTbis22_8301","Agency":"NOAA","DataLink":"https://vdatum.noaa.gov/download/data/RICTbis22_8301.zip","DataType":"tss","DataSource":"vdatum","LastUpdate":"20260331205909"},"geometry":{"type":"Polygon","coordinates":[[[-74.36590000000001,39.3519],[-70.99990000000003,39.3519],[-70.99990000000003,42.0005],[-74.36590000000001,42.0005],[-74.36590000000001,39.3519]]]}},{"type":"Feature","properties":{"Name":"RICTbis22_8301.gtx","ID":"RICTbis22_8301","Agency":"NOAA","DataLink":"https://vdatum.noaa.gov/download/data/RICTbis22_8301.zip","DataType":"mtl","DataSource":"vdatum","LastUpdate":"20260331205909"},"geometry":{"type":"Polygon","coordinates":[[[-74.36590000000001,39.3519],[-70.99990000000003,39.3519],[-70.99990000000003,42.0005],[-74.36590000000001,42.0005],[-74.36590000000001,39.3519]]]}},{"type":"Feature","properties":{"Name":"RICTbis33_8301.gtx","ID":"RICTbis33_8301","Agency":"NOAA","DataLink":"https://vdatum.noaa.gov/download/data/RICTbis33_8301.zip","DataType":"mhw","DataSource":"vdatum","LastUpdate":"20260331205909"},"geometry":{"type":"Polygon","coordinates":[[[-74.57209999999998,39.2803],[-71.10210000000001,39.2803],[-71.10210000000001,41.9313],[-74.57209999999998,41.9313],[-74.57209999999998,39.2803]]]}},{"type":"Feature","properties":{"Name":"RICTbis33_8301.gtx","ID":"RICTbis33_8301","Agency":"NOAA","DataLink":"https://vdatum.noaa.gov/download/data/RICTbis33_8301.zip","DataType":"mhhw","DataSource":"vdatum","LastUpdate":"20260331205909"},"geometry":{"type":"Polygon","coordinates":[[[-74.57209999999998,39.2803],[-71.10210000000001,39.2803],[-71.10210000000001,41.9313],[-74.57209999999998,41.9313],[-74.57209999999998,39.2803]]]}},{"type":"Feature","properties":{"Name":"RICTbis33_8301.gtx","ID":"RICTbis33_8301","Agency":"NOAA","DataLink":"https://vdatum.noaa.gov/download/data/RICTbis33_8301.zip","DataType":"mlw","DataSource":"vdatum","LastUpdate":"20260331205909"},"geometry":{"type":"Polygon","coordinates":[[[-74.57209999999998,39.2803],[-71.10210000000001,39.2803],[-71.10210000000001,41.9313],[-74.57209999999998,41.9313],[-74.57209999999998,39.2803]]]}},{"type":"Feature","properties":{"Name":"RICTbis33_8301.gtx","ID":"RICTbis33_8301","Agency":"NOAA","DataLink":"https://vdatum.noaa.gov/download/data/RICTbis33_8301.zip","DataType":"mllw","DataSource":"vdatum","LastUpdate":"20260331205909"},"geometry":{"type":"Polygon","coordinates":[[[-74.57209999999998,39.2803],[-71.10210000000001,39.2803],[-71.10210000000001,41.9313],[-74.57209999999998,41.9313],[-74.57209999999998,39.2803]]]}},{"type":"Feature","properties":{"Name":"RICTbis33_8301.gtx","ID":"RICTbis33_8301","Agency":"NOAA","DataLink":"https://vdatum.noaa.gov/download/data/RICTbis33_8301.zip","DataType":"tss","DataSource":"vdatum","LastUpdate":"20260331205909"},"geometry":{"type":"Polygon","coordinates":[[[-74.57209999999998,39.2803],[-71.10210000000001,39.2803],[-71.10210000000001,41.9313],[-74.57209999999998,41.9313],[-74.57209999999998,39.2803]]]}},{"type":"Feature","properties":{"Name":"RICTbis33_8301.gtx","ID":"RICTbis33_8301","Agency":"NOAA","DataLink":"https://vdatum.noaa.gov/download/data/RICTbis33_8301.zip","DataType":"mtl","DataSource":"vdatum","LastUpdate":"20260331205909"},"geometry":{"type":"Polygon","coordinates":[[[-74.57209999999998,39.2803],[-71.10210000000001,39.2803],[-71.10210000000001,41.9313],[-74.57209999999998,41.9313],[-74.57209999999998,39.2803]]]}},{"type":"Feature","properties":{"Name":"RICTbis34_8301.gtx","ID":"RICTbis34_8301","Agency":"NOAA","DataLink":"https://vdatum.noaa.gov/download/data/RICTbis34_8301.zip","DataType":"mhw","DataSource":"vdatum","LastUpdate":"20260331205909"},"geometry":{"type":"Polygon","coordinates":[[[-74.57209999999998,39.2803],[-71.10210000000001,39.2803],[-71.10210000000001,41.9313],[-74.57209999999998,41.9313],[-74.57209999999998,39.2803]]]}},{"type":"Feature","properties":{"Name":"RICTbis34_8301.gtx","ID":"RICTbis34_8301","Agency":"NOAA","DataLink":"https://vdatum.noaa.gov/download/data/RICTbis34_8301.zip","DataType":"mhhw","DataSource":"vdatum","LastUpdate":"20260331205909"},"geometry":{"type":"Polygon","coordinates":[[[-74.57209999999998,39.2803],[-71.10210000000001,39.2803],[-71.10210000000001,41.9313],[-74.57209999999998,41.9313],[-74.57209999999998,39.2803]]]}},{"type":"Feature","properties":{"Name":"RICTbis34_8301.gtx","ID":"RICTbis34_8301","Agency":"NOAA","DataLink":"https://vdatum.noaa.gov/download/data/RICTbis34_8301.zip","DataType":"mlw","DataSource":"vdatum","LastUpdate":"20260331205909"},"geometry":{"type":"Polygon","coordinates":[[[-74.57209999999998,39.2803],[-71.10210000000001,39.2803],[-71.10210000000001,41.9313],[-74.57209999999998,41.9313],[-74.57209999999998,39.2803]]]}},{"type":"Feature","properties":{"Name":"RICTbis34_8301.gtx","ID":"RICTbis34_8301","Agency":"NOAA","DataLink":"https://vdatum.noaa.gov/download/data/RICTbis34_8301.zip","DataType":"mllw","DataSource":"vdatum","LastUpdate":"20260331205909"},"geometry":{"type":"Polygon","coordinates":[[[-74.57209999999998,39.2803],[-71.10210000000001,39.2803],[-71.10210000000001,41.9313],[-74.57209999999998,41.9313],[-74.57209999999998,39.2803]]]}},{"type":"Feature","properties":{"Name":"RICTbis34_8301.gtx","ID":"RICTbis34_8301","Agency":"NOAA","DataLink":"https://vdatum.noaa.gov/download/data/RICTbis34_8301.zip","DataType":"tss","DataSource":"vdatum","LastUpdate":"20260331205909"},"geometry":{"type":"Polygon","coordinates":[[[-74.57209999999998,39.2803],[-71.10210000000001,39.2803],[-71.10210000000001,41.9313],[-74.57209999999998,41.9313],[-74.57209999999998,39.2803]]]}},{"type":"Feature","properties":{"Name":"RICTbis34_8301.gtx","ID":"RICTbis34_8301","Agency":"NOAA","DataLink":"https://vdatum.noaa.gov/download/data/RICTbis34_8301.zip","DataType":"mtl","DataSource":"vdatum","LastUpdate":"20260331205909"},"geometry":{"type":"Polygon","coordinates":[[[-74.57209999999998,39.2803],[-71.10210000000001,39.2803],[-71.10210000000001,41.9313],[-74.57209999999998,41.9313],[-74.57209999999998,39.2803]]]}},{"type":"Feature","properties":{"Name":"RICTbis44_8301.gtx","ID":"RICTbis44_8301","Agency":"NOAA","DataLink":"https://vdatum.noaa.gov/download/data/RICTbis44_8301.zip","DataType":"mhw","DataSource":"vdatum","LastUpdate":"20260331205909"},"geometry":{"type":"Polygon","coordinates":[[[-74.57209999999998,39.2803],[-71.10210000000001,39.2803],[-71.10210000000001,41.9313],[-74.57209999999998,41.9313],[-74.57209999999998,39.2803]]]}},{"type":"Feature","properties":{"Name":"RICTbis44_8301.gtx","ID":"RICTbis44_8301","Agency":"NOAA","DataLink":"https://vdatum.noaa.gov/download/data/RICTbis44_8301.zip","DataType":"mhhw","DataSource":"vdatum","LastUpdate":"20260331205909"},"geometry":{"type":"Polygon","coordinates":[[[-74.57209999999998,39.2803],[-71.10210000000001,39.2803],[-71.10210000000001,41.9313],[-74.57209999999998,41.9313],[-74.57209999999998,39.2803]]]}},{"type":"Feature","properties":{"Name":"RICTbis44_8301.gtx","ID":"RICTbis44_8301","Agency":"NOAA","DataLink":"https://vdatum.noaa.gov/download/data/RICTbis44_8301.zip","DataType":"mlw","DataSource":"vdatum","LastUpdate":"20260331205909"},"geometry":{"type":"Polygon","coordinates":[[[-74.57209999999998,39.2803],[-71.10210000000001,39.2803],[-71.10210000000001,41.9313],[-74.57209999999998,41.9313],[-74.57209999999998,39.2803]]]}},{"type":"Feature","properties":{"Name":"RICTbis44_8301.gtx","ID":"RICTbis44_8301","Agency":"NOAA","DataLink":"https://vdatum.noaa.gov/download/data/RICTbis44_8301.zip","DataType":"mllw","DataSource":"vdatum","LastUpdate":"20260331205909"},"geometry":{"type":"Polygon","coordinates":[[[-74.57209999999998,39.2803],[-71.10210000000001,39.2803],[-71.10210000000001,41.9313],[-74.57209999999998,41.9313],[-74.57209999999998,39.2803]]]}},{"type":"Feature","properties":{"Name":"RICTbis44_8301.gtx","ID":"RICTbis44_8301","Agency":"NOAA","DataLink":"https://vdatum.noaa.gov/download/data/RICTbis44_8301.zip","DataType":"tss","DataSource":"vdatum","LastUpdate":"20260331205909"},"geometry":{"type":"Polygon","coordinates":[[[-74.57209999999998,39.2803],[-71.10210000000001,39.2803],[-71.10210000000001,41.9313],[-74.57209999999998,41.9313],[-74.57209999999998,39.2803]]]}},{"type":"Feature","properties":{"Name":"RICTbis44_8301.gtx","ID":"RICTbis44_8301","Agency":"NOAA","DataLink":"https://vdatum.noaa.gov/download/data/RICTbis44_8301.zip","DataType":"mtl","DataSource":"vdatum","LastUpdate":"20260331205909"},"geometry":{"type":"Polygon","coordinates":[[[-74.57209999999998,39.2803],[-71.10210000000001,39.2803],[-71.10210000000001,41.9313],[-74.57209999999998,41.9313],[-74.57209999999998,39.2803]]]}},{"type":"Feature","properties":{"Name":"TXLAgulf00_8301.gtx","ID":"TXLAgulf00_8301","Agency":"NOAA","DataLink":"https://vdatum.noaa.gov/download/data/TXLAgulf00_8301.zip","DataType":"mhw","DataSource":"vdatum","LastUpdate":"20260331205909"},"geometry":{"type":"Polygon","coordinates":[[[-96.98000000000002,25.7],[-91.118,25.7],[-91.118,29.5],[-96.98000000000002,29.5],[-96.98000000000002,25.7]]]}},{"type":"Feature","properties":{"Name":"TXLAgulf00_8301.gtx","ID":"TXLAgulf00_8301","Agency":"NOAA","DataLink":"https://vdatum.noaa.gov/download/data/TXLAgulf00_8301.zip","DataType":"mhhw","DataSource":"vdatum","LastUpdate":"20260331205909"},"geometry":{"type":"Polygon","coordinates":[[[-96.98000000000002,25.7],[-91.118,25.7],[-91.118,29.5],[-96.98000000000002,29.5],[-96.98000000000002,25.7]]]}},{"type":"Feature","properties":{"Name":"TXLAgulf00_8301.gtx","ID":"TXLAgulf00_8301","Agency":"NOAA","DataLink":"https://vdatum.noaa.gov/download/data/TXLAgulf00_8301.zip","DataType":"mlw","DataSource":"vdatum","LastUpdate":"20260331205909"},"geometry":{"type":"Polygon","coordinates":[[[-96.98000000000002,25.7],[-91.118,25.7],[-91.118,29.5],[-96.98000000000002,29.5],[-96.98000000000002,25.7]]]}},{"type":"Feature","properties":{"Name":"TXLAgulf00_8301.gtx","ID":"TXLAgulf00_8301","Agency":"NOAA","DataLink":"https://vdatum.noaa.gov/download/data/TXLAgulf00_8301.zip","DataType":"mllw","DataSource":"vdatum","LastUpdate":"20260331205909"},"geometry":{"type":"Polygon","coordinates":[[[-96.98000000000002,25.7],[-91.118,25.7],[-91.118,29.5],[-96.98000000000002,29.5],[-96.98000000000002,25.7]]]}},{"type":"Feature","properties":{"Name":"TXLAgulf00_8301.gtx","ID":"TXLAgulf00_8301","Agency":"NOAA","DataLink":"https://vdatum.noaa.gov/download/data/TXLAgulf00_8301.zip","DataType":"tss","DataSource":"vdatum","LastUpdate":"20260331205909"},"geometry":{"type":"Polygon","coordinates":[[[-96.98000000000002,25.7],[-91.118,25.7],[-91.118,29.5],[-96.98000000000002,29.5],[-96.98000000000002,25.7]]]}},{"type":"Feature","properties":{"Name":"TXLAgulf00_8301.gtx","ID":"TXLAgulf00_8301","Agency":"NOAA","DataLink":"https://vdatum.noaa.gov/download/data/TXLAgulf00_8301.zip","DataType":"mtl","DataSource":"vdatum","LastUpdate":"20260331205909"},"geometry":{"type":"Polygon","coordinates":[[[-96.98000000000002,25.7],[-91.118,25.7],[-91.118,29.5],[-96.98000000000002,29.5],[-96.98000000000002,25.7]]]}},{"type":"Feature","properties":{"Name":"TXcentr00_8301.gtx","ID":"TXcentr00_8301","Agency":"NOAA","DataLink":"https://vdatum.noaa.gov/download/data/TXcentr00_8301.zip","DataType":"mhw","DataSource":"vdatum","LastUpdate":"20260331205909"},"geometry":{"type":"Polygon","coordinates":[[[-96.86700000000002,28.18],[-94.44,28.18],[-94.44,29.86],[-96.86700000000002,29.86],[-96.86700000000002,28.18]]]}},{"type":"Feature","properties":{"Name":"TXcentr00_8301.gtx","ID":"TXcentr00_8301","Agency":"NOAA","DataLink":"https://vdatum.noaa.gov/download/data/TXcentr00_8301.zip","DataType":"mhhw","DataSource":"vdatum","LastUpdate":"20260331205909"},"geometry":{"type":"Polygon","coordinates":[[[-96.86700000000002,28.18],[-94.44,28.18],[-94.44,29.86],[-96.86700000000002,29.86],[-96.86700000000002,28.18]]]}},{"type":"Feature","properties":{"Name":"TXcentr00_8301.gtx","ID":"TXcentr00_8301","Agency":"NOAA","DataLink":"https://vdatum.noaa.gov/download/data/TXcentr00_8301.zip","DataType":"mlw","DataSource":"vdatum","LastUpdate":"20260331205909"},"geometry":{"type":"Polygon","coordinates":[[[-96.86700000000002,28.18],[-94.44,28.18],[-94.44,29.86],[-96.86700000000002,29.86],[-96.86700000000002,28.18]]]}},{"type":"Feature","properties":{"Name":"TXcentr00_8301.gtx","ID":"TXcentr00_8301","Agency":"NOAA","DataLink":"https://vdatum.noaa.gov/download/data/TXcentr00_8301.zip","DataType":"mllw","DataSource":"vdatum","LastUpdate":"20260331205909"},"geometry":{"type":"Polygon","coordinates":[[[-96.86700000000002,28.18],[-94.44,28.18],[-94.44,29.86],[-96.86700000000002,29.86],[-96.86700000000002,28.18]]]}},{"type":"Feature","properties":{"Name":"TXcentr00_8301.gtx","ID":"TXcentr00_8301","Agency":"NOAA","DataLink":"https://vdatum.noaa.gov/download/data/TXcentr00_8301.zip","DataType":"tss","DataSource":"vdatum","LastUpdate":"20260331205909"},"geometry":{"type":"Polygon","coordinates":[[[-96.86700000000002,28.18],[-94.44,28.18],[-94.44,29.86],[-96.86700000000002,29.86],[-96.86700000000002,28.18]]]}},{"type":"Feature","properties":{"Name":"TXcentr00_8301.gtx","ID":"TXcentr00_8301","Agency":"NOAA","DataLink":"https://vdatum.noaa.gov/download/data/TXcentr00_8301.zip","DataType":"mtl","DataSource":"vdatum","LastUpdate":"20260331205909"},"geometry":{"type":"Polygon","coordinates":[[[-96.86700000000002,28.18],[-94.44,28.18],[-94.44,29.86],[-96.86700000000002,29.86],[-96.86700000000002,28.18]]]}},{"type":"Feature","properties":{"Name":"TXintra00_8301.gtx","ID":"TXintra00_8301","Agency":"NOAA","DataLink":"https://vdatum.noaa.gov/download/data/TXintra00_8301.zip","DataType":"mhw","DataSource":"vdatum","LastUpdate":"20260331205909"},"geometry":{"type":"Polygon","coordinates":[[[-97.80700000000002,25.94],[-96.77499999999998,25.94],[-96.77499999999998,28.277],[-97.80700000000002,28.277],[-97.80700000000002,25.94]]]}},{"type":"Feature","properties":{"Name":"TXintra00_8301.gtx","ID":"TXintra00_8301","Agency":"NOAA","DataLink":"https://vdatum.noaa.gov/download/data/TXintra00_8301.zip","DataType":"mhhw","DataSource":"vdatum","LastUpdate":"20260331205909"},"geometry":{"type":"Polygon","coordinates":[[[-97.80700000000002,25.94],[-96.77499999999998,25.94],[-96.77499999999998,28.277],[-97.80700000000002,28.277],[-97.80700000000002,25.94]]]}},{"type":"Feature","properties":{"Name":"TXintra00_8301.gtx","ID":"TXintra00_8301","Agency":"NOAA","DataLink":"https://vdatum.noaa.gov/download/data/TXintra00_8301.zip","DataType":"mlw","DataSource":"vdatum","LastUpdate":"20260331205909"},"geometry":{"type":"Polygon","coordinates":[[[-97.80700000000002,25.94],[-96.77499999999998,25.94],[-96.77499999999998,28.277],[-97.80700000000002,28.277],[-97.80700000000002,25.94]]]}},{"type":"Feature","properties":{"Name":"TXintra00_8301.gtx","ID":"TXintra00_8301","Agency":"NOAA","DataLink":"https://vdatum.noaa.gov/download/data/TXintra00_8301.zip","DataType":"mllw","DataSource":"vdatum","LastUpdate":"20260331205909"},"geometry":{"type":"Polygon","coordinates":[[[-97.80700000000002,25.94],[-96.77499999999998,25.94],[-96.77499999999998,28.277],[-97.80700000000002,28.277],[-97.80700000000002,25.94]]]}},{"type":"Feature","properties":{"Name":"TXintra00_8301.gtx","ID":"TXintra00_8301","Agency":"NOAA","DataLink":"https://vdatum.noaa.gov/download/data/TXintra00_8301.zip","DataType":"tss","DataSource":"vdatum","LastUpdate":"20260331205909"},"geometry":{"type":"Polygon","coordinates":[[[-97.80700000000002,25.94],[-96.77499999999998,25.94],[-96.77499999999998,28.277],[-97.80700000000002,28.277],[-97.80700000000002,25.94]]]}},{"type":"Feature","properties":{"Name":"TXintra00_8301.gtx","ID":"TXintra00_8301","Agency":"NOAA","DataLink":"https://vdatum.noaa.gov/download/data/TXintra00_8301.zip","DataType":"mtl","DataSource":"vdatum","LastUpdate":"20260331205909"},"geometry":{"type":"Polygon","coordinates":[[[-97.80700000000002,25.94],[-96.77499999999998,25.94],[-96.77499999999998,28.277],[-97.80700000000002,28.277],[-97.80700000000002,25.94]]]}},{"type":"Feature","properties":{"Name":"TXlaggal01_8301.gtx","ID":"TXlaggal01_8301","Agency":"NOAA","DataLink":"https://vdatum.noaa.gov/download/data/TXlaggal01_8301.zip","DataType":"mhw","DataSource":"vdatum","LastUpdate":"20260331205909"},"geometry":{"type":"Polygon","coordinates":[[[-96.875,28.149],[-94.43,28.149],[-94.43,29.89],[-96.875,29.89],[-96.875,28.149]]]}},{"type":"Feature","properties":{"Name":"TXlaggal01_8301.gtx","ID":"TXlaggal01_8301","Agency":"NOAA","DataLink":"https://vdatum.noaa.gov/download/data/TXlaggal01_8301.zip","DataType":"mhhw","DataSource":"vdatum","LastUpdate":"20260331205909"},"geometry":{"type":"Polygon","coordinates":[[[-96.875,28.149],[-94.43,28.149],[-94.43,29.89],[-96.875,29.89],[-96.875,28.149]]]}},{"type":"Feature","properties":{"Name":"TXlaggal01_8301.gtx","ID":"TXlaggal01_8301","Agency":"NOAA","DataLink":"https://vdatum.noaa.gov/download/data/TXlaggal01_8301.zip","DataType":"mlw","DataSource":"vdatum","LastUpdate":"20260331205909"},"geometry":{"type":"Polygon","coordinates":[[[-96.875,28.149],[-94.43,28.149],[-94.43,29.89],[-96.875,29.89],[-96.875,28.149]]]}},{"type":"Feature","properties":{"Name":"TXlaggal01_8301.gtx","ID":"TXlaggal01_8301","Agency":"NOAA","DataLink":"https://vdatum.noaa.gov/download/data/TXlaggal01_8301.zip","DataType":"mllw","DataSource":"vdatum","LastUpdate":"20260331205909"},"geometry":{"type":"Polygon","coordinates":[[[-96.875,28.149],[-94.43,28.149],[-94.43,29.89],[-96.875,29.89],[-96.875,28.149]]]}},{"type":"Feature","properties":{"Name":"TXlaggal01_8301.gtx","ID":"TXlaggal01_8301","Agency":"NOAA","DataLink":"https://vdatum.noaa.gov/download/data/TXlaggal01_8301.zip","DataType":"tss","DataSource":"vdatum","LastUpdate":"20260331205909"},"geometry":{"type":"Polygon","coordinates":[[[-96.875,28.149],[-94.43,28.149],[-94.43,29.89],[-96.875,29.89],[-96.875,28.149]]]}},{"type":"Feature","properties":{"Name":"TXlaggal01_8301.gtx","ID":"TXlaggal01_8301","Agency":"NOAA","DataLink":"https://vdatum.noaa.gov/download/data/TXlaggal01_8301.zip","DataType":"mtl","DataSource":"vdatum","LastUpdate":"20260331205909"},"geometry":{"type":"Polygon","coordinates":[[[-96.875,28.149],[-94.43,28.149],[-94.43,29.89],[-96.875,29.89],[-96.875,28.149]]]}},{"type":"Feature","properties":{"Name":"TXlagmat01_8301.gtx","ID":"TXlagmat01_8301","Agency":"NOAA","DataLink":"https://vdatum.noaa.gov/download/data/TXlagmat01_8301.zip","DataType":"mhw","DataSource":"vdatum","LastUpdate":"20260331205909"},"geometry":{"type":"Polygon","coordinates":[[[-97.75999999999999,25.93],[-96.73899999999998,25.93],[-96.73899999999998,28.288],[-97.75999999999999,28.288],[-97.75999999999999,25.93]]]}},{"type":"Feature","properties":{"Name":"TXlagmat01_8301.gtx","ID":"TXlagmat01_8301","Agency":"NOAA","DataLink":"https://vdatum.noaa.gov/download/data/TXlagmat01_8301.zip","DataType":"mhhw","DataSource":"vdatum","LastUpdate":"20260331205909"},"geometry":{"type":"Polygon","coordinates":[[[-97.75999999999999,25.93],[-96.73899999999998,25.93],[-96.73899999999998,28.288],[-97.75999999999999,28.288],[-97.75999999999999,25.93]]]}},{"type":"Feature","properties":{"Name":"TXlagmat01_8301.gtx","ID":"TXlagmat01_8301","Agency":"NOAA","DataLink":"https://vdatum.noaa.gov/download/data/TXlagmat01_8301.zip","DataType":"mlw","DataSource":"vdatum","LastUpdate":"20260331205909"},"geometry":{"type":"Polygon","coordinates":[[[-97.75999999999999,25.93],[-96.73899999999998,25.93],[-96.73899999999998,28.288],[-97.75999999999999,28.288],[-97.75999999999999,25.93]]]}},{"type":"Feature","properties":{"Name":"TXlagmat01_8301.gtx","ID":"TXlagmat01_8301","Agency":"NOAA","DataLink":"https://vdatum.noaa.gov/download/data/TXlagmat01_8301.zip","DataType":"mllw","DataSource":"vdatum","LastUpdate":"20260331205909"},"geometry":{"type":"Polygon","coordinates":[[[-97.75999999999999,25.93],[-96.73899999999998,25.93],[-96.73899999999998,28.288],[-97.75999999999999,28.288],[-97.75999999999999,25.93]]]}},{"type":"Feature","properties":{"Name":"TXlagmat01_8301.gtx","ID":"TXlagmat01_8301","Agency":"NOAA","DataLink":"https://vdatum.noaa.gov/download/data/TXlagmat01_8301.zip","DataType":"tss","DataSource":"vdatum","LastUpdate":"20260331205909"},"geometry":{"type":"Polygon","coordinates":[[[-97.75999999999999,25.93],[-96.73899999999998,25.93],[-96.73899999999998,28.288],[-97.75999999999999,28.288],[-97.75999999999999,25.93]]]}},{"type":"Feature","properties":{"Name":"TXlagmat01_8301.gtx","ID":"TXlagmat01_8301","Agency":"NOAA","DataLink":"https://vdatum.noaa.gov/download/data/TXlagmat01_8301.zip","DataType":"mtl","DataSource":"vdatum","LastUpdate":"20260331205909"},"geometry":{"type":"Polygon","coordinates":[[[-97.75999999999999,25.93],[-96.73899999999998,25.93],[-96.73899999999998,28.288],[-97.75999999999999,28.288],[-97.75999999999999,25.93]]]}},{"type":"Feature","properties":{"Name":"TXoffshr00_8301.gtx","ID":"TXoffshr00_8301","Agency":"NOAA","DataLink":"https://vdatum.noaa.gov/download/data/TXoffshr00_8301.zip","DataType":"mhw","DataSource":"vdatum","LastUpdate":"20260331205909"},"geometry":{"type":"Polygon","coordinates":[[[-97.394,25.94],[-95.35199999999998,25.94],[-95.35199999999998,28.806],[-97.394,28.806],[-97.394,25.94]]]}},{"type":"Feature","properties":{"Name":"TXoffshr00_8301.gtx","ID":"TXoffshr00_8301","Agency":"NOAA","DataLink":"https://vdatum.noaa.gov/download/data/TXoffshr00_8301.zip","DataType":"mhhw","DataSource":"vdatum","LastUpdate":"20260331205909"},"geometry":{"type":"Polygon","coordinates":[[[-97.394,25.94],[-95.35199999999998,25.94],[-95.35199999999998,28.806],[-97.394,28.806],[-97.394,25.94]]]}},{"type":"Feature","properties":{"Name":"TXoffshr00_8301.gtx","ID":"TXoffshr00_8301","Agency":"NOAA","DataLink":"https://vdatum.noaa.gov/download/data/TXoffshr00_8301.zip","DataType":"mlw","DataSource":"vdatum","LastUpdate":"20260331205909"},"geometry":{"type":"Polygon","coordinates":[[[-97.394,25.94],[-95.35199999999998,25.94],[-95.35199999999998,28.806],[-97.394,28.806],[-97.394,25.94]]]}},{"type":"Feature","properties":{"Name":"TXoffshr00_8301.gtx","ID":"TXoffshr00_8301","Agency":"NOAA","DataLink":"https://vdatum.noaa.gov/download/data/TXoffshr00_8301.zip","DataType":"mllw","DataSource":"vdatum","LastUpdate":"20260331205909"},"geometry":{"type":"Polygon","coordinates":[[[-97.394,25.94],[-95.35199999999998,25.94],[-95.35199999999998,28.806],[-97.394,28.806],[-97.394,25.94]]]}},{"type":"Feature","properties":{"Name":"TXoffshr00_8301.gtx","ID":"TXoffshr00_8301","Agency":"NOAA","DataLink":"https://vdatum.noaa.gov/download/data/TXoffshr00_8301.zip","DataType":"tss","DataSource":"vdatum","LastUpdate":"20260331205909"},"geometry":{"type":"Polygon","coordinates":[[[-97.394,25.94],[-95.35199999999998,25.94],[-95.35199999999998,28.806],[-97.394,28.806],[-97.394,25.94]]]}},{"type":"Feature","properties":{"Name":"TXoffshr00_8301.gtx","ID":"TXoffshr00_8301","Agency":"NOAA","DataLink":"https://vdatum.noaa.gov/download/data/TXoffshr00_8301.zip","DataType":"mtl","DataSource":"vdatum","LastUpdate":"20260331205909"},"geometry":{"type":"Polygon","coordinates":[[[-97.394,25.94],[-95.35199999999998,25.94],[-95.35199999999998,28.806],[-97.394,28.806],[-97.394,25.94]]]}},{"type":"Feature","properties":{"Name":"TXshlgal01_8301.gtx","ID":"TXshlgal01_8301","Agency":"NOAA","DataLink":"https://vdatum.noaa.gov/download/data/TXshlgal01_8301.zip","DataType":"mhw","DataSource":"vdatum","LastUpdate":"20260331205909"},"geometry":{"type":"Polygon","coordinates":[[[-96.76499999999999,27.5],[-94.43,27.5],[-94.43,29.55],[-96.76499999999999,29.55],[-96.76499999999999,27.5]]]}},{"type":"Feature","properties":{"Name":"TXshlgal01_8301.gtx","ID":"TXshlgal01_8301","Agency":"NOAA","DataLink":"https://vdatum.noaa.gov/download/data/TXshlgal01_8301.zip","DataType":"mhhw","DataSource":"vdatum","LastUpdate":"20260331205909"},"geometry":{"type":"Polygon","coordinates":[[[-96.76499999999999,27.5],[-94.43,27.5],[-94.43,29.55],[-96.76499999999999,29.55],[-96.76499999999999,27.5]]]}},{"type":"Feature","properties":{"Name":"TXshlgal01_8301.gtx","ID":"TXshlgal01_8301","Agency":"NOAA","DataLink":"https://vdatum.noaa.gov/download/data/TXshlgal01_8301.zip","DataType":"mlw","DataSource":"vdatum","LastUpdate":"20260331205909"},"geometry":{"type":"Polygon","coordinates":[[[-96.76499999999999,27.5],[-94.43,27.5],[-94.43,29.55],[-96.76499999999999,29.55],[-96.76499999999999,27.5]]]}},{"type":"Feature","properties":{"Name":"TXshlgal01_8301.gtx","ID":"TXshlgal01_8301","Agency":"NOAA","DataLink":"https://vdatum.noaa.gov/download/data/TXshlgal01_8301.zip","DataType":"mllw","DataSource":"vdatum","LastUpdate":"20260331205909"},"geometry":{"type":"Polygon","coordinates":[[[-96.76499999999999,27.5],[-94.43,27.5],[-94.43,29.55],[-96.76499999999999,29.55],[-96.76499999999999,27.5]]]}},{"type":"Feature","properties":{"Name":"TXshlgal01_8301.gtx","ID":"TXshlgal01_8301","Agency":"NOAA","DataLink":"https://vdatum.noaa.gov/download/data/TXshlgal01_8301.zip","DataType":"tss","DataSource":"vdatum","LastUpdate":"20260331205909"},"geometry":{"type":"Polygon","coordinates":[[[-96.76499999999999,27.5],[-94.43,27.5],[-94.43,29.55],[-96.76499999999999,29.55],[-96.76499999999999,27.5]]]}},{"type":"Feature","properties":{"Name":"TXshlgal01_8301.gtx","ID":"TXshlgal01_8301","Agency":"NOAA","DataLink":"https://vdatum.noaa.gov/download/data/TXshlgal01_8301.zip","DataType":"mtl","DataSource":"vdatum","LastUpdate":"20260331205909"},"geometry":{"type":"Polygon","coordinates":[[[-96.76499999999999,27.5],[-94.43,27.5],[-94.43,29.55],[-96.76499999999999,29.55],[-96.76499999999999,27.5]]]}},{"type":"Feature","properties":{"Name":"TXshlmat01_8301.gtx","ID":"TXshlmat01_8301","Agency":"NOAA","DataLink":"https://vdatum.noaa.gov/download/data/TXshlmat01_8301.zip","DataType":"mhw","DataSource":"vdatum","LastUpdate":"20260331205909"},"geometry":{"type":"Polygon","coordinates":[[[-97.39999999999998,25.77],[-96.125,25.77],[-96.125,28.167],[-97.39999999999998,28.167],[-97.39999999999998,25.77]]]}},{"type":"Feature","properties":{"Name":"TXshlmat01_8301.gtx","ID":"TXshlmat01_8301","Agency":"NOAA","DataLink":"https://vdatum.noaa.gov/download/data/TXshlmat01_8301.zip","DataType":"mhhw","DataSource":"vdatum","LastUpdate":"20260331205909"},"geometry":{"type":"Polygon","coordinates":[[[-97.39999999999998,25.77],[-96.125,25.77],[-96.125,28.167],[-97.39999999999998,28.167],[-97.39999999999998,25.77]]]}},{"type":"Feature","properties":{"Name":"TXshlmat01_8301.gtx","ID":"TXshlmat01_8301","Agency":"NOAA","DataLink":"https://vdatum.noaa.gov/download/data/TXshlmat01_8301.zip","DataType":"mlw","DataSource":"vdatum","LastUpdate":"20260331205909"},"geometry":{"type":"Polygon","coordinates":[[[-97.39999999999998,25.77],[-96.125,25.77],[-96.125,28.167],[-97.39999999999998,28.167],[-97.39999999999998,25.77]]]}},{"type":"Feature","properties":{"Name":"TXshlmat01_8301.gtx","ID":"TXshlmat01_8301","Agency":"NOAA","DataLink":"https://vdatum.noaa.gov/download/data/TXshlmat01_8301.zip","DataType":"mllw","DataSource":"vdatum","LastUpdate":"20260331205909"},"geometry":{"type":"Polygon","coordinates":[[[-97.39999999999998,25.77],[-96.125,25.77],[-96.125,28.167],[-97.39999999999998,28.167],[-97.39999999999998,25.77]]]}},{"type":"Feature","properties":{"Name":"TXshlmat01_8301.gtx","ID":"TXshlmat01_8301","Agency":"NOAA","DataLink":"https://vdatum.noaa.gov/download/data/TXshlmat01_8301.zip","DataType":"tss","DataSource":"vdatum","LastUpdate":"20260331205909"},"geometry":{"type":"Polygon","coordinates":[[[-97.39999999999998,25.77],[-96.125,25.77],[-96.125,28.167],[-97.39999999999998,28.167],[-97.39999999999998,25.77]]]}},{"type":"Feature","properties":{"Name":"TXshlmat01_8301.gtx","ID":"TXshlmat01_8301","Agency":"NOAA","DataLink":"https://vdatum.noaa.gov/download/data/TXshlmat01_8301.zip","DataType":"mtl","DataSource":"vdatum","LastUpdate":"20260331205909"},"geometry":{"type":"Polygon","coordinates":[[[-97.39999999999998,25.77],[-96.125,25.77],[-96.125,28.167],[-97.39999999999998,28.167],[-97.39999999999998,25.77]]]}},{"type":"Feature","properties":{"Name":"VAswchb11_8301.gtx","ID":"VAswchb11_8301","Agency":"NOAA","DataLink":"https://vdatum.noaa.gov/download/data/VAswchb11_8301.zip","DataType":"mhw","DataSource":"vdatum","LastUpdate":"20260331205909"},"geometry":{"type":"Polygon","coordinates":[[[-77.44200000000001,36.728],[-76.1268,36.728],[-76.1268,38.2328],[-77.44200000000001,38.2328],[-77.44200000000001,36.728]]]}},{"type":"Feature","properties":{"Name":"VAswchb11_8301.gtx","ID":"VAswchb11_8301","Agency":"NOAA","DataLink":"https://vdatum.noaa.gov/download/data/VAswchb11_8301.zip","DataType":"mhhw","DataSource":"vdatum","LastUpdate":"20260331205909"},"geometry":{"type":"Polygon","coordinates":[[[-77.44200000000001,36.728],[-76.1268,36.728],[-76.1268,38.2328],[-77.44200000000001,38.2328],[-77.44200000000001,36.728]]]}},{"type":"Feature","properties":{"Name":"VAswchb11_8301.gtx","ID":"VAswchb11_8301","Agency":"NOAA","DataLink":"https://vdatum.noaa.gov/download/data/VAswchb11_8301.zip","DataType":"mlw","DataSource":"vdatum","LastUpdate":"20260331205909"},"geometry":{"type":"Polygon","coordinates":[[[-77.44200000000001,36.728],[-76.1268,36.728],[-76.1268,38.2328],[-77.44200000000001,38.2328],[-77.44200000000001,36.728]]]}},{"type":"Feature","properties":{"Name":"VAswchb11_8301.gtx","ID":"VAswchb11_8301","Agency":"NOAA","DataLink":"https://vdatum.noaa.gov/download/data/VAswchb11_8301.zip","DataType":"mllw","DataSource":"vdatum","LastUpdate":"20260331205909"},"geometry":{"type":"Polygon","coordinates":[[[-77.44200000000001,36.728],[-76.1268,36.728],[-76.1268,38.2328],[-77.44200000000001,38.2328],[-77.44200000000001,36.728]]]}},{"type":"Feature","properties":{"Name":"VAswchb11_8301.gtx","ID":"VAswchb11_8301","Agency":"NOAA","DataLink":"https://vdatum.noaa.gov/download/data/VAswchb11_8301.zip","DataType":"tss","DataSource":"vdatum","LastUpdate":"20260331205909"},"geometry":{"type":"Polygon","coordinates":[[[-77.44200000000001,36.728],[-76.1268,36.728],[-76.1268,38.2328],[-77.44200000000001,38.2328],[-77.44200000000001,36.728]]]}},{"type":"Feature","properties":{"Name":"VAswchb11_8301.gtx","ID":"VAswchb11_8301","Agency":"NOAA","DataLink":"https://vdatum.noaa.gov/download/data/VAswchb11_8301.zip","DataType":"mtl","DataSource":"vdatum","LastUpdate":"20260331205909"},"geometry":{"type":"Polygon","coordinates":[[[-77.44200000000001,36.728],[-76.1268,36.728],[-76.1268,38.2328],[-77.44200000000001,38.2328],[-77.44200000000001,36.728]]]}},{"type":"Feature","properties":{"Name":"WAcoast00_8301.gtx","ID":"WAcoast00_8301","Agency":"NOAA","DataLink":"https://vdatum.noaa.gov/download/data/WAcoast00_8301.zip","DataType":"mhw","DataSource":"vdatum","LastUpdate":"20260331205909"},"geometry":{"type":"Polygon","coordinates":[[[-126.377543,45.232],[-121.53754300000003,45.232],[-121.53754300000003,48.176],[-126.377543,48.176],[-126.377543,45.232]]]}},{"type":"Feature","properties":{"Name":"WAcoast00_8301.gtx","ID":"WAcoast00_8301","Agency":"NOAA","DataLink":"https://vdatum.noaa.gov/download/data/WAcoast00_8301.zip","DataType":"mhhw","DataSource":"vdatum","LastUpdate":"20260331205909"},"geometry":{"type":"Polygon","coordinates":[[[-126.377543,45.232],[-121.53754300000003,45.232],[-121.53754300000003,48.176],[-126.377543,48.176],[-126.377543,45.232]]]}},{"type":"Feature","properties":{"Name":"WAcoast00_8301.gtx","ID":"WAcoast00_8301","Agency":"NOAA","DataLink":"https://vdatum.noaa.gov/download/data/WAcoast00_8301.zip","DataType":"mlw","DataSource":"vdatum","LastUpdate":"20260331205909"},"geometry":{"type":"Polygon","coordinates":[[[-126.377543,45.232],[-121.53754300000003,45.232],[-121.53754300000003,48.176],[-126.377543,48.176],[-126.377543,45.232]]]}},{"type":"Feature","properties":{"Name":"WAcoast00_8301.gtx","ID":"WAcoast00_8301","Agency":"NOAA","DataLink":"https://vdatum.noaa.gov/download/data/WAcoast00_8301.zip","DataType":"mllw","DataSource":"vdatum","LastUpdate":"20260331205909"},"geometry":{"type":"Polygon","coordinates":[[[-126.377543,45.232],[-121.53754300000003,45.232],[-121.53754300000003,48.176],[-126.377543,48.176],[-126.377543,45.232]]]}},{"type":"Feature","properties":{"Name":"WAcoast00_8301.gtx","ID":"WAcoast00_8301","Agency":"NOAA","DataLink":"https://vdatum.noaa.gov/download/data/WAcoast00_8301.zip","DataType":"tss","DataSource":"vdatum","LastUpdate":"20260331205909"},"geometry":{"type":"Polygon","coordinates":[[[-126.377543,45.232],[-121.53754300000003,45.232],[-121.53754300000003,48.176],[-126.377543,48.176],[-126.377543,45.232]]]}},{"type":"Feature","properties":{"Name":"WAcoast00_8301.gtx","ID":"WAcoast00_8301","Agency":"NOAA","DataLink":"https://vdatum.noaa.gov/download/data/WAcoast00_8301.zip","DataType":"mtl","DataSource":"vdatum","LastUpdate":"20260331205909"},"geometry":{"type":"Polygon","coordinates":[[[-126.377543,45.232],[-121.53754300000003,45.232],[-121.53754300000003,48.176],[-126.377543,48.176],[-126.377543,45.232]]]}},{"type":"Feature","properties":{"Name":"WAjdfin00_8301.gtx","ID":"WAjdfin00_8301","Agency":"NOAA","DataLink":"https://vdatum.noaa.gov/download/data/WAjdfin00_8301.zip","DataType":"mhw","DataSource":"vdatum","LastUpdate":"20260331205909"},"geometry":{"type":"Polygon","coordinates":[[[-122.79257000000001,48.0191],[-122.14157,48.0191],[-122.14157,48.9971],[-122.79257000000001,48.9971],[-122.79257000000001,48.0191]]]}},{"type":"Feature","properties":{"Name":"WAjdfin00_8301.gtx","ID":"WAjdfin00_8301","Agency":"NOAA","DataLink":"https://vdatum.noaa.gov/download/data/WAjdfin00_8301.zip","DataType":"mhhw","DataSource":"vdatum","LastUpdate":"20260331205909"},"geometry":{"type":"Polygon","coordinates":[[[-122.79257000000001,48.0191],[-122.14157,48.0191],[-122.14157,48.9971],[-122.79257000000001,48.9971],[-122.79257000000001,48.0191]]]}},{"type":"Feature","properties":{"Name":"WAjdfin00_8301.gtx","ID":"WAjdfin00_8301","Agency":"NOAA","DataLink":"https://vdatum.noaa.gov/download/data/WAjdfin00_8301.zip","DataType":"mlw","DataSource":"vdatum","LastUpdate":"20260331205909"},"geometry":{"type":"Polygon","coordinates":[[[-122.79257000000001,48.0191],[-122.14157,48.0191],[-122.14157,48.9971],[-122.79257000000001,48.9971],[-122.79257000000001,48.0191]]]}},{"type":"Feature","properties":{"Name":"WAjdfin00_8301.gtx","ID":"WAjdfin00_8301","Agency":"NOAA","DataLink":"https://vdatum.noaa.gov/download/data/WAjdfin00_8301.zip","DataType":"mllw","DataSource":"vdatum","LastUpdate":"20260331205909"},"geometry":{"type":"Polygon","coordinates":[[[-122.79257000000001,48.0191],[-122.14157,48.0191],[-122.14157,48.9971],[-122.79257000000001,48.9971],[-122.79257000000001,48.0191]]]}},{"type":"Feature","properties":{"Name":"WAjdfin00_8301.gtx","ID":"WAjdfin00_8301","Agency":"NOAA","DataLink":"https://vdatum.noaa.gov/download/data/WAjdfin00_8301.zip","DataType":"tss","DataSource":"vdatum","LastUpdate":"20260331205909"},"geometry":{"type":"Polygon","coordinates":[[[-122.79257000000001,48.0191],[-122.14157,48.0191],[-122.14157,48.9971],[-122.79257000000001,48.9971],[-122.79257000000001,48.0191]]]}},{"type":"Feature","properties":{"Name":"WAjdfin00_8301.gtx","ID":"WAjdfin00_8301","Agency":"NOAA","DataLink":"https://vdatum.noaa.gov/download/data/WAjdfin00_8301.zip","DataType":"mtl","DataSource":"vdatum","LastUpdate":"20260331205909"},"geometry":{"type":"Polygon","coordinates":[[[-122.79257000000001,48.0191],[-122.14157,48.0191],[-122.14157,48.9971],[-122.79257000000001,48.9971],[-122.79257000000001,48.0191]]]}},{"type":"Feature","properties":{"Name":"WAjdfuca03_8301.gtx","ID":"WAjdfuca03_8301","Agency":"NOAA","DataLink":"https://vdatum.noaa.gov/download/data/WAjdfuca03_8301.zip","DataType":"mhw","DataSource":"vdatum","LastUpdate":"20260331205909"},"geometry":{"type":"Polygon","coordinates":[[[-126.28833299999997,47.989667],[-122.34833300000003,47.989667],[-122.34833300000003,49.002917],[-126.28833299999997,49.002917],[-126.28833299999997,47.989667]]]}},{"type":"Feature","properties":{"Name":"WAjdfuca03_8301.gtx","ID":"WAjdfuca03_8301","Agency":"NOAA","DataLink":"https://vdatum.noaa.gov/download/data/WAjdfuca03_8301.zip","DataType":"mhhw","DataSource":"vdatum","LastUpdate":"20260331205909"},"geometry":{"type":"Polygon","coordinates":[[[-126.28833299999997,47.989667],[-122.34833300000003,47.989667],[-122.34833300000003,49.002917],[-126.28833299999997,49.002917],[-126.28833299999997,47.989667]]]}},{"type":"Feature","properties":{"Name":"WAjdfuca03_8301.gtx","ID":"WAjdfuca03_8301","Agency":"NOAA","DataLink":"https://vdatum.noaa.gov/download/data/WAjdfuca03_8301.zip","DataType":"mlw","DataSource":"vdatum","LastUpdate":"20260331205909"},"geometry":{"type":"Polygon","coordinates":[[[-126.28833299999997,47.989667],[-122.34833300000003,47.989667],[-122.34833300000003,49.002917],[-126.28833299999997,49.002917],[-126.28833299999997,47.989667]]]}},{"type":"Feature","properties":{"Name":"WAjdfuca03_8301.gtx","ID":"WAjdfuca03_8301","Agency":"NOAA","DataLink":"https://vdatum.noaa.gov/download/data/WAjdfuca03_8301.zip","DataType":"mllw","DataSource":"vdatum","LastUpdate":"20260331205909"},"geometry":{"type":"Polygon","coordinates":[[[-126.28833299999997,47.989667],[-122.34833300000003,47.989667],[-122.34833300000003,49.002917],[-126.28833299999997,49.002917],[-126.28833299999997,47.989667]]]}},{"type":"Feature","properties":{"Name":"WAjdfuca03_8301.gtx","ID":"WAjdfuca03_8301","Agency":"NOAA","DataLink":"https://vdatum.noaa.gov/download/data/WAjdfuca03_8301.zip","DataType":"tss","DataSource":"vdatum","LastUpdate":"20260331205909"},"geometry":{"type":"Polygon","coordinates":[[[-126.28833299999997,47.989667],[-122.34833300000003,47.989667],[-122.34833300000003,49.002917],[-126.28833299999997,49.002917],[-126.28833299999997,47.989667]]]}},{"type":"Feature","properties":{"Name":"WAjdfuca03_8301.gtx","ID":"WAjdfuca03_8301","Agency":"NOAA","DataLink":"https://vdatum.noaa.gov/download/data/WAjdfuca03_8301.zip","DataType":"mtl","DataSource":"vdatum","LastUpdate":"20260331205909"},"geometry":{"type":"Polygon","coordinates":[[[-126.28833299999997,47.989667],[-122.34833300000003,47.989667],[-122.34833300000003,49.002917],[-126.28833299999997,49.002917],[-126.28833299999997,47.989667]]]}},{"type":"Feature","properties":{"Name":"WAjdfuca14_8301.gtx","ID":"WAjdfuca14_8301","Agency":"NOAA","DataLink":"https://vdatum.noaa.gov/download/data/WAjdfuca14_8301.zip","DataType":"mhw","DataSource":"vdatum","LastUpdate":"20260331205909"},"geometry":{"type":"Polygon","coordinates":[[[-126.344,47.9457],[-122.17700000000002,47.9457],[-122.17700000000002,49.1467],[-126.344,49.1467],[-126.344,47.9457]]]}},{"type":"Feature","properties":{"Name":"WAjdfuca14_8301.gtx","ID":"WAjdfuca14_8301","Agency":"NOAA","DataLink":"https://vdatum.noaa.gov/download/data/WAjdfuca14_8301.zip","DataType":"mhhw","DataSource":"vdatum","LastUpdate":"20260331205909"},"geometry":{"type":"Polygon","coordinates":[[[-126.344,47.9457],[-122.17700000000002,47.9457],[-122.17700000000002,49.1467],[-126.344,49.1467],[-126.344,47.9457]]]}},{"type":"Feature","properties":{"Name":"WAjdfuca14_8301.gtx","ID":"WAjdfuca14_8301","Agency":"NOAA","DataLink":"https://vdatum.noaa.gov/download/data/WAjdfuca14_8301.zip","DataType":"mlw","DataSource":"vdatum","LastUpdate":"20260331205909"},"geometry":{"type":"Polygon","coordinates":[[[-126.344,47.9457],[-122.17700000000002,47.9457],[-122.17700000000002,49.1467],[-126.344,49.1467],[-126.344,47.9457]]]}},{"type":"Feature","properties":{"Name":"WAjdfuca14_8301.gtx","ID":"WAjdfuca14_8301","Agency":"NOAA","DataLink":"https://vdatum.noaa.gov/download/data/WAjdfuca14_8301.zip","DataType":"mllw","DataSource":"vdatum","LastUpdate":"20260331205909"},"geometry":{"type":"Polygon","coordinates":[[[-126.344,47.9457],[-122.17700000000002,47.9457],[-122.17700000000002,49.1467],[-126.344,49.1467],[-126.344,47.9457]]]}},{"type":"Feature","properties":{"Name":"WAjdfuca14_8301.gtx","ID":"WAjdfuca14_8301","Agency":"NOAA","DataLink":"https://vdatum.noaa.gov/download/data/WAjdfuca14_8301.zip","DataType":"tss","DataSource":"vdatum","LastUpdate":"20260331205909"},"geometry":{"type":"Polygon","coordinates":[[[-126.344,47.9457],[-122.17700000000002,47.9457],[-122.17700000000002,49.1467],[-126.344,49.1467],[-126.344,47.9457]]]}},{"type":"Feature","properties":{"Name":"WAjdfuca14_8301.gtx","ID":"WAjdfuca14_8301","Agency":"NOAA","DataLink":"https://vdatum.noaa.gov/download/data/WAjdfuca14_8301.zip","DataType":"mtl","DataSource":"vdatum","LastUpdate":"20260331205909"},"geometry":{"type":"Polygon","coordinates":[[[-126.344,47.9457],[-122.17700000000002,47.9457],[-122.17700000000002,49.1467],[-126.344,49.1467],[-126.344,47.9457]]]}},{"type":"Feature","properties":{"Name":"WApugets02_8301.gtx","ID":"WApugets02_8301","Agency":"NOAA","DataLink":"https://vdatum.noaa.gov/download/data/WApugets02_8301.zip","DataType":"mhw","DataSource":"vdatum","LastUpdate":"20260331205909"},"geometry":{"type":"Polygon","coordinates":[[[-123.183333,47.016667],[-122.16583300000002,47.016667],[-122.16583300000002,48.183917],[-123.183333,48.183917],[-123.183333,47.016667]]]}},{"type":"Feature","properties":{"Name":"WApugets02_8301.gtx","ID":"WApugets02_8301","Agency":"NOAA","DataLink":"https://vdatum.noaa.gov/download/data/WApugets02_8301.zip","DataType":"mhhw","DataSource":"vdatum","LastUpdate":"20260331205909"},"geometry":{"type":"Polygon","coordinates":[[[-123.183333,47.016667],[-122.16583300000002,47.016667],[-122.16583300000002,48.183917],[-123.183333,48.183917],[-123.183333,47.016667]]]}},{"type":"Feature","properties":{"Name":"WApugets02_8301.gtx","ID":"WApugets02_8301","Agency":"NOAA","DataLink":"https://vdatum.noaa.gov/download/data/WApugets02_8301.zip","DataType":"mlw","DataSource":"vdatum","LastUpdate":"20260331205909"},"geometry":{"type":"Polygon","coordinates":[[[-123.183333,47.016667],[-122.16583300000002,47.016667],[-122.16583300000002,48.183917],[-123.183333,48.183917],[-123.183333,47.016667]]]}},{"type":"Feature","properties":{"Name":"WApugets02_8301.gtx","ID":"WApugets02_8301","Agency":"NOAA","DataLink":"https://vdatum.noaa.gov/download/data/WApugets02_8301.zip","DataType":"mllw","DataSource":"vdatum","LastUpdate":"20260331205909"},"geometry":{"type":"Polygon","coordinates":[[[-123.183333,47.016667],[-122.16583300000002,47.016667],[-122.16583300000002,48.183917],[-123.183333,48.183917],[-123.183333,47.016667]]]}},{"type":"Feature","properties":{"Name":"WApugets02_8301.gtx","ID":"WApugets02_8301","Agency":"NOAA","DataLink":"https://vdatum.noaa.gov/download/data/WApugets02_8301.zip","DataType":"tss","DataSource":"vdatum","LastUpdate":"20260331205909"},"geometry":{"type":"Polygon","coordinates":[[[-123.183333,47.016667],[-122.16583300000002,47.016667],[-122.16583300000002,48.183917],[-123.183333,48.183917],[-123.183333,47.016667]]]}},{"type":"Feature","properties":{"Name":"WApugets02_8301.gtx","ID":"WApugets02_8301","Agency":"NOAA","DataLink":"https://vdatum.noaa.gov/download/data/WApugets02_8301.zip","DataType":"mtl","DataSource":"vdatum","LastUpdate":"20260331205909"},"geometry":{"type":"Polygon","coordinates":[[[-123.183333,47.016667],[-122.16583300000002,47.016667],[-122.16583300000002,48.183917],[-123.183333,48.183917],[-123.183333,47.016667]]]}},{"type":"Feature","properties":{"Name":"vdatum\\WApugets02_8301_03\\WApugets02_8301_03.gtx","ID":"WApugets02_8301_03","Agency":"NOAA","DataLink":"https://vdatum.noaa.gov/download/data/WApugets02_8301_03.zip","DataType":"mhw","DataSource":"vdatum","LastUpdate":"20260331205909"},"geometry":{"type":"Polygon","coordinates":[[[-123.183333,47.016667],[-122.16583300000002,47.016667],[-122.16583300000002,48.183917],[-123.183333,48.183917],[-123.183333,47.016667]]]}},{"type":"Feature","properties":{"Name":"vdatum\\WApugets02_8301_03\\WApugets02_8301_03.gtx","ID":"WApugets02_8301_03","Agency":"NOAA","DataLink":"https://vdatum.noaa.gov/download/data/WApugets02_8301_03.zip","DataType":"mhhw","DataSource":"vdatum","LastUpdate":"20260331205909"},"geometry":{"type":"Polygon","coordinates":[[[-123.183333,47.016667],[-122.16583300000002,47.016667],[-122.16583300000002,48.183917],[-123.183333,48.183917],[-123.183333,47.016667]]]}},{"type":"Feature","properties":{"Name":"vdatum\\WApugets02_8301_03\\WApugets02_8301_03.gtx","ID":"WApugets02_8301_03","Agency":"NOAA","DataLink":"https://vdatum.noaa.gov/download/data/WApugets02_8301_03.zip","DataType":"mlw","DataSource":"vdatum","LastUpdate":"20260331205909"},"geometry":{"type":"Polygon","coordinates":[[[-123.183333,47.016667],[-122.16583300000002,47.016667],[-122.16583300000002,48.183917],[-123.183333,48.183917],[-123.183333,47.016667]]]}},{"type":"Feature","properties":{"Name":"vdatum\\WApugets02_8301_03\\WApugets02_8301_03.gtx","ID":"WApugets02_8301_03","Agency":"NOAA","DataLink":"https://vdatum.noaa.gov/download/data/WApugets02_8301_03.zip","DataType":"mllw","DataSource":"vdatum","LastUpdate":"20260331205909"},"geometry":{"type":"Polygon","coordinates":[[[-123.183333,47.016667],[-122.16583300000002,47.016667],[-122.16583300000002,48.183917],[-123.183333,48.183917],[-123.183333,47.016667]]]}},{"type":"Feature","properties":{"Name":"vdatum\\WApugets02_8301_03\\WApugets02_8301_03.gtx","ID":"WApugets02_8301_03","Agency":"NOAA","DataLink":"https://vdatum.noaa.gov/download/data/WApugets02_8301_03.zip","DataType":"tss","DataSource":"vdatum","LastUpdate":"20260331205909"},"geometry":{"type":"Polygon","coordinates":[[[-123.183333,47.016667],[-122.16583300000002,47.016667],[-122.16583300000002,48.183917],[-123.183333,48.183917],[-123.183333,47.016667]]]}},{"type":"Feature","properties":{"Name":"vdatum\\WApugets02_8301_03\\WApugets02_8301_03.gtx","ID":"WApugets02_8301_03","Agency":"NOAA","DataLink":"https://vdatum.noaa.gov/download/data/WApugets02_8301_03.zip","DataType":"mtl","DataSource":"vdatum","LastUpdate":"20260331205909"},"geometry":{"type":"Polygon","coordinates":[[[-123.183333,47.016667],[-122.16583300000002,47.016667],[-122.16583300000002,48.183917],[-123.183333,48.183917],[-123.183333,47.016667]]]}},{"type":"Feature","properties":{"Name":"WApugets13_8301.gtx","ID":"WApugets13_8301","Agency":"NOAA","DataLink":"https://vdatum.noaa.gov/download/data/WApugets13_8301.zip","DataType":"mhw","DataSource":"vdatum","LastUpdate":"20260331205909"},"geometry":{"type":"Polygon","coordinates":[[[-123.18430000000001,47.0157],[-122.1773,47.0157],[-122.1773,48.0197],[-123.18430000000001,48.0197],[-123.18430000000001,47.0157]]]}},{"type":"Feature","properties":{"Name":"WApugets13_8301.gtx","ID":"WApugets13_8301","Agency":"NOAA","DataLink":"https://vdatum.noaa.gov/download/data/WApugets13_8301.zip","DataType":"mhhw","DataSource":"vdatum","LastUpdate":"20260331205909"},"geometry":{"type":"Polygon","coordinates":[[[-123.18430000000001,47.0157],[-122.1773,47.0157],[-122.1773,48.0197],[-123.18430000000001,48.0197],[-123.18430000000001,47.0157]]]}},{"type":"Feature","properties":{"Name":"WApugets13_8301.gtx","ID":"WApugets13_8301","Agency":"NOAA","DataLink":"https://vdatum.noaa.gov/download/data/WApugets13_8301.zip","DataType":"mlw","DataSource":"vdatum","LastUpdate":"20260331205909"},"geometry":{"type":"Polygon","coordinates":[[[-123.18430000000001,47.0157],[-122.1773,47.0157],[-122.1773,48.0197],[-123.18430000000001,48.0197],[-123.18430000000001,47.0157]]]}},{"type":"Feature","properties":{"Name":"WApugets13_8301.gtx","ID":"WApugets13_8301","Agency":"NOAA","DataLink":"https://vdatum.noaa.gov/download/data/WApugets13_8301.zip","DataType":"mllw","DataSource":"vdatum","LastUpdate":"20260331205909"},"geometry":{"type":"Polygon","coordinates":[[[-123.18430000000001,47.0157],[-122.1773,47.0157],[-122.1773,48.0197],[-123.18430000000001,48.0197],[-123.18430000000001,47.0157]]]}},{"type":"Feature","properties":{"Name":"WApugets13_8301.gtx","ID":"WApugets13_8301","Agency":"NOAA","DataLink":"https://vdatum.noaa.gov/download/data/WApugets13_8301.zip","DataType":"tss","DataSource":"vdatum","LastUpdate":"20260331205909"},"geometry":{"type":"Polygon","coordinates":[[[-123.18430000000001,47.0157],[-122.1773,47.0157],[-122.1773,48.0197],[-123.18430000000001,48.0197],[-123.18430000000001,47.0157]]]}},{"type":"Feature","properties":{"Name":"WApugets13_8301.gtx","ID":"WApugets13_8301","Agency":"NOAA","DataLink":"https://vdatum.noaa.gov/download/data/WApugets13_8301.zip","DataType":"mtl","DataSource":"vdatum","LastUpdate":"20260331205909"},"geometry":{"type":"Polygon","coordinates":[[[-123.18430000000001,47.0157],[-122.1773,47.0157],[-122.1773,48.0197],[-123.18430000000001,48.0197],[-123.18430000000001,47.0157]]]}},{"type":"Feature","properties":{"Name":"WCoffsh00_8301.gtx","ID":"WCoffsh00_8301","Agency":"NOAA","DataLink":"https://vdatum.noaa.gov/download/data/WCoffsh00_8301.zip","DataType":"mhw","DataSource":"vdatum","LastUpdate":"20260331205909"},"geometry":{"type":"Polygon","coordinates":[[[-132.385,30.755],[-119.73000000000002,30.755],[-119.73000000000002,50.915],[-132.385,50.915],[-132.385,30.755]]]}},{"type":"Feature","properties":{"Name":"WCoffsh00_8301.gtx","ID":"WCoffsh00_8301","Agency":"NOAA","DataLink":"https://vdatum.noaa.gov/download/data/WCoffsh00_8301.zip","DataType":"mhhw","DataSource":"vdatum","LastUpdate":"20260331205909"},"geometry":{"type":"Polygon","coordinates":[[[-132.385,30.755],[-119.73000000000002,30.755],[-119.73000000000002,50.915],[-132.385,50.915],[-132.385,30.755]]]}},{"type":"Feature","properties":{"Name":"WCoffsh00_8301.gtx","ID":"WCoffsh00_8301","Agency":"NOAA","DataLink":"https://vdatum.noaa.gov/download/data/WCoffsh00_8301.zip","DataType":"mlw","DataSource":"vdatum","LastUpdate":"20260331205909"},"geometry":{"type":"Polygon","coordinates":[[[-132.385,30.755],[-119.73000000000002,30.755],[-119.73000000000002,50.915],[-132.385,50.915],[-132.385,30.755]]]}},{"type":"Feature","properties":{"Name":"WCoffsh00_8301.gtx","ID":"WCoffsh00_8301","Agency":"NOAA","DataLink":"https://vdatum.noaa.gov/download/data/WCoffsh00_8301.zip","DataType":"mllw","DataSource":"vdatum","LastUpdate":"20260331205909"},"geometry":{"type":"Polygon","coordinates":[[[-132.385,30.755],[-119.73000000000002,30.755],[-119.73000000000002,50.915],[-132.385,50.915],[-132.385,30.755]]]}},{"type":"Feature","properties":{"Name":"WCoffsh00_8301.gtx","ID":"WCoffsh00_8301","Agency":"NOAA","DataLink":"https://vdatum.noaa.gov/download/data/WCoffsh00_8301.zip","DataType":"tss","DataSource":"vdatum","LastUpdate":"20260331205909"},"geometry":{"type":"Polygon","coordinates":[[[-132.385,30.755],[-119.73000000000002,30.755],[-119.73000000000002,50.915],[-132.385,50.915],[-132.385,30.755]]]}},{"type":"Feature","properties":{"Name":"WCoffsh00_8301.gtx","ID":"WCoffsh00_8301","Agency":"NOAA","DataLink":"https://vdatum.noaa.gov/download/data/WCoffsh00_8301.zip","DataType":"mtl","DataSource":"vdatum","LastUpdate":"20260331205909"},"geometry":{"type":"Polygon","coordinates":[[[-132.385,30.755],[-119.73000000000002,30.755],[-119.73000000000002,50.915],[-132.385,50.915],[-132.385,30.755]]]}}]}
